participant,correct,condition,category,response
59400de88fcebc0001075a41,1,shear2,1,1
59400de88fcebc0001075a41,0,rot2,1,2
59400de88fcebc0001075a41,0,shear2,1,3
59400de88fcebc0001075a41,0,shear2,2,4
59400de88fcebc0001075a41,1,base,2,2
59400de88fcebc0001075a41,0,shear2,3,1
59400de88fcebc0001075a41,0,rot1,2,3
59400de88fcebc0001075a41,1,shear1,2,2
59400de88fcebc0001075a41,1,base,1,1
59400de88fcebc0001075a41,1,base,4,4
59400de88fcebc0001075a41,0,shear1,4,3
59400de88fcebc0001075a41,0,base,4,3
59400de88fcebc0001075a41,0,base,3,2
59400de88fcebc0001075a41,0,rot1,4,3
59400de88fcebc0001075a41,0,shear2,4,2
59400de88fcebc0001075a41,1,rot1,1,1
59400de88fcebc0001075a41,0,rot2,2,1
59400de88fcebc0001075a41,0,rot2,3,2
59400de88fcebc0001075a41,0,rot1,3,2
59400de88fcebc0001075a41,1,rot2,3,3
59400de88fcebc0001075a41,1,base,1,1
59400de88fcebc0001075a41,1,rot2,4,4
59400de88fcebc0001075a41,0,shear1,4,3
59400de88fcebc0001075a41,1,shear2,3,3
59400de88fcebc0001075a41,1,shear1,1,1
59400de88fcebc0001075a41,0,rot1,4,3
59400de88fcebc0001075a41,0,shear2,2,3
59400de88fcebc0001075a41,1,base,1,1
59400de88fcebc0001075a41,0,base,2,1
59400de88fcebc0001075a41,1,base,4,4
59400de88fcebc0001075a41,1,base,3,3
59400de88fcebc0001075a41,1,shear1,3,3
59400de88fcebc0001075a41,1,shear2,3,3
59400de88fcebc0001075a41,1,shear1,1,1
59400de88fcebc0001075a41,0,shear2,3,2
59400de88fcebc0001075a41,1,rot2,1,1
59400de88fcebc0001075a41,0,rot2,2,1
59400de88fcebc0001075a41,1,rot1,2,2
59400de88fcebc0001075a41,1,shear1,2,2
59400de88fcebc0001075a41,0,shear2,4,3
59400de88fcebc0001075a41,0,shear2,4,2
59400de88fcebc0001075a41,1,rot1,4,4
59400de88fcebc0001075a41,1,rot2,1,1
59400de88fcebc0001075a41,1,shear2,1,1
59400de88fcebc0001075a41,1,shear1,3,3
59400de88fcebc0001075a41,1,shear1,1,1
59400de88fcebc0001075a41,1,shear1,3,3
59400de88fcebc0001075a41,1,rot2,4,4
59400de88fcebc0001075a41,1,base,4,4
59400de88fcebc0001075a41,0,rot1,3,2
59400de88fcebc0001075a41,0,rot1,3,2
59400de88fcebc0001075a41,1,rot1,2,2
59400de88fcebc0001075a41,0,rot1,3,2
59400de88fcebc0001075a41,1,shear2,2,2
59400de88fcebc0001075a41,0,shear1,4,3
59400de88fcebc0001075a41,1,rot2,2,2
59400de88fcebc0001075a41,1,shear1,2,2
59400de88fcebc0001075a41,1,rot1,2,2
59400de88fcebc0001075a41,1,shear2,1,1
59400de88fcebc0001075a41,1,rot2,1,1
59400de88fcebc0001075a41,1,rot2,2,2
59400de88fcebc0001075a41,1,shear1,2,2
59400de88fcebc0001075a41,1,shear1,1,1
59400de88fcebc0001075a41,0,shear2,4,3
59400de88fcebc0001075a41,1,rot2,4,4
59400de88fcebc0001075a41,1,shear2,1,1
59400de88fcebc0001075a41,1,rot2,2,2
59400de88fcebc0001075a41,0,base,4,3
59400de88fcebc0001075a41,1,base,1,1
59400de88fcebc0001075a41,1,rot1,1,1
59400de88fcebc0001075a41,0,rot1,3,2
59400de88fcebc0001075a41,0,rot2,3,2
59400de88fcebc0001075a41,1,rot2,1,1
59400de88fcebc0001075a41,0,rot1,4,3
59400de88fcebc0001075a41,1,base,3,3
59400de88fcebc0001075a41,0,rot2,3,2
59400de88fcebc0001075a41,1,base,2,2
59400de88fcebc0001075a41,1,shear1,3,3
59400de88fcebc0001075a41,1,shear2,2,2
59400de88fcebc0001075a41,0,rot1,4,2
59400de88fcebc0001075a41,0,rot2,4,3
59400de88fcebc0001075a41,0,rot1,1,2
59400de88fcebc0001075a41,1,shear1,2,2
59400de88fcebc0001075a41,1,shear1,3,3
59400de88fcebc0001075a41,1,rot1,1,1
59400de88fcebc0001075a41,1,shear2,3,3
59400de88fcebc0001075a41,1,rot1,1,1
59400de88fcebc0001075a41,1,shear2,2,2
59400de88fcebc0001075a41,1,base,3,3
59400de88fcebc0001075a41,0,rot2,3,2
59400de88fcebc0001075a41,1,rot1,2,2
59400de88fcebc0001075a41,1,base,2,2
59400de88fcebc0001075a41,0,shear1,4,3
59400de88fcebc0001075a41,0,shear1,4,3
59400de88fcebc0001075a41,0,base,3,2
59400de88fcebc0001075a41,0,shear2,4,3
59400de88fcebc0001075a41,1,base,2,2
59400de88fcebc0001075a41,0,shear1,1,2
59400de88fcebc0001075a41,1,rot2,4,4
59400de88fcebc0001075a41,1,base,1,1
5983b86106cd1f0001f8e283,0,shear1,4,2
5983b86106cd1f0001f8e283,0,rot2,1,2
5983b86106cd1f0001f8e283,0,shear2,1,3
5983b86106cd1f0001f8e283,0,base,4,3
5983b86106cd1f0001f8e283,1,base,2,2
5983b86106cd1f0001f8e283,0,shear2,3,1
5983b86106cd1f0001f8e283,0,shear2,3,1
5983b86106cd1f0001f8e283,0,shear1,1,2
5983b86106cd1f0001f8e283,0,base,2,3
5983b86106cd1f0001f8e283,0,rot1,1,3
5983b86106cd1f0001f8e283,1,rot1,3,3
5983b86106cd1f0001f8e283,0,shear1,4,2
5983b86106cd1f0001f8e283,0,shear2,4,2
5983b86106cd1f0001f8e283,1,base,1,1
5983b86106cd1f0001f8e283,0,rot2,4,3
5983b86106cd1f0001f8e283,1,base,2,2
5983b86106cd1f0001f8e283,0,rot1,2,3
5983b86106cd1f0001f8e283,0,rot1,2,3
5983b86106cd1f0001f8e283,0,rot2,3,4
5983b86106cd1f0001f8e283,1,base,3,3
5983b86106cd1f0001f8e283,1,base,3,3
5983b86106cd1f0001f8e283,1,base,4,4
5983b86106cd1f0001f8e283,1,base,1,1
5983b86106cd1f0001f8e283,0,base,4,3
5983b86106cd1f0001f8e283,0,shear2,4,2
5983b86106cd1f0001f8e283,0,shear2,3,2
5983b86106cd1f0001f8e283,1,rot1,4,4
5983b86106cd1f0001f8e283,0,shear1,2,3
5983b86106cd1f0001f8e283,1,base,3,3
5983b86106cd1f0001f8e283,1,shear2,3,3
5983b86106cd1f0001f8e283,0,shear1,1,2
5983b86106cd1f0001f8e283,1,shear1,2,2
5983b86106cd1f0001f8e283,0,shear1,1,2
5983b86106cd1f0001f8e283,1,shear2,2,2
5983b86106cd1f0001f8e283,0,rot2,1,2
5983b86106cd1f0001f8e283,0,shear1,4,3
5983b86106cd1f0001f8e283,1,rot1,2,2
5983b86106cd1f0001f8e283,0,base,1,2
5983b86106cd1f0001f8e283,1,rot1,3,3
5983b86106cd1f0001f8e283,0,base,2,3
5983b86106cd1f0001f8e283,0,rot2,3,4
5983b86106cd1f0001f8e283,1,shear1,3,3
5983b86106cd1f0001f8e283,1,rot1,4,4
5983b86106cd1f0001f8e283,1,rot2,4,4
5983b86106cd1f0001f8e283,1,shear2,2,2
5983b86106cd1f0001f8e283,0,rot2,1,2
5983b86106cd1f0001f8e283,0,base,4,3
5983b86106cd1f0001f8e283,0,shear2,1,2
5983b86106cd1f0001f8e283,0,rot1,1,2
5983b86106cd1f0001f8e283,0,rot2,2,3
5983b86106cd1f0001f8e283,1,shear1,3,3
5983b86106cd1f0001f8e283,0,rot2,3,4
5983b86106cd1f0001f8e283,0,shear1,1,3
5983b86106cd1f0001f8e283,0,rot2,2,3
5983b86106cd1f0001f8e283,0,rot1,2,3
5983b86106cd1f0001f8e283,1,rot2,4,4
5983b86106cd1f0001f8e283,0,rot1,1,2
5983b86106cd1f0001f8e283,1,rot2,2,2
5983b86106cd1f0001f8e283,1,rot1,3,3
5983b86106cd1f0001f8e283,1,rot2,4,4
5983b86106cd1f0001f8e283,1,rot1,1,1
5983b86106cd1f0001f8e283,1,rot2,2,2
5983b86106cd1f0001f8e283,1,shear1,2,2
5983b86106cd1f0001f8e283,0,shear2,4,2
5983b86106cd1f0001f8e283,1,shear1,2,2
5983b86106cd1f0001f8e283,0,shear2,4,3
5983b86106cd1f0001f8e283,0,rot1,1,2
5983b86106cd1f0001f8e283,1,base,3,3
5983b86106cd1f0001f8e283,1,base,4,4
5983b86106cd1f0001f8e283,0,shear2,1,2
5983b86106cd1f0001f8e283,1,shear1,1,1
5983b86106cd1f0001f8e283,1,base,1,1
5983b86106cd1f0001f8e283,1,rot2,3,3
5983b86106cd1f0001f8e283,1,rot1,4,4
5983b86106cd1f0001f8e283,0,base,3,4
5983b86106cd1f0001f8e283,0,shear1,4,3
5983b86106cd1f0001f8e283,0,shear1,3,2
5983b86106cd1f0001f8e283,0,rot2,2,3
5983b86106cd1f0001f8e283,0,shear2,2,3
5983b86106cd1f0001f8e283,1,shear1,3,3
5983b86106cd1f0001f8e283,1,shear2,1,1
5983b86106cd1f0001f8e283,1,rot1,4,4
5983b86106cd1f0001f8e283,1,shear2,3,3
5983b86106cd1f0001f8e283,1,rot1,2,2
5983b86106cd1f0001f8e283,1,shear2,2,2
5983b86106cd1f0001f8e283,0,rot2,1,2
5983b86106cd1f0001f8e283,0,base,2,3
5983b86106cd1f0001f8e283,0,rot2,3,4
5983b86106cd1f0001f8e283,0,shear1,4,3
5983b86106cd1f0001f8e283,0,rot1,3,4
5983b86106cd1f0001f8e283,0,base,1,2
5983b86106cd1f0001f8e283,1,shear2,1,1
5983b86106cd1f0001f8e283,1,rot1,4,4
5983b86106cd1f0001f8e283,0,rot1,3,4
5983b86106cd1f0001f8e283,0,shear2,4,2
5983b86106cd1f0001f8e283,1,shear1,2,2
5983b86106cd1f0001f8e283,0,rot2,1,2
5983b86106cd1f0001f8e283,1,shear2,2,2
5983b86106cd1f0001f8e283,0,shear1,3,2
5983b86106cd1f0001f8e283,1,rot2,4,4
5a73482ac2eb6c00017e3819,1,rot1,1,1
5a73482ac2eb6c00017e3819,0,shear1,3,2
5a73482ac2eb6c00017e3819,0,rot1,4,3
5a73482ac2eb6c00017e3819,0,rot2,4,3
5a73482ac2eb6c00017e3819,1,rot2,1,1
5a73482ac2eb6c00017e3819,0,base,3,2
5a73482ac2eb6c00017e3819,1,shear1,2,2
5a73482ac2eb6c00017e3819,1,rot2,1,1
5a73482ac2eb6c00017e3819,0,shear2,3,1
5a73482ac2eb6c00017e3819,1,base,2,2
5a73482ac2eb6c00017e3819,1,rot1,2,2
5a73482ac2eb6c00017e3819,0,rot2,4,3
5a73482ac2eb6c00017e3819,0,shear1,4,3
5a73482ac2eb6c00017e3819,0,shear2,1,2
5a73482ac2eb6c00017e3819,0,rot2,3,2
5a73482ac2eb6c00017e3819,1,shear2,2,2
5a73482ac2eb6c00017e3819,0,rot1,1,2
5a73482ac2eb6c00017e3819,0,rot2,2,1
5a73482ac2eb6c00017e3819,1,base,4,4
5a73482ac2eb6c00017e3819,0,shear1,3,4
5a73482ac2eb6c00017e3819,0,shear1,1,2
5a73482ac2eb6c00017e3819,1,base,3,3
5a73482ac2eb6c00017e3819,1,rot1,3,3
5a73482ac2eb6c00017e3819,0,shear1,1,2
5a73482ac2eb6c00017e3819,1,shear2,1,1
5a73482ac2eb6c00017e3819,1,shear2,2,2
5a73482ac2eb6c00017e3819,1,base,2,2
5a73482ac2eb6c00017e3819,1,shear1,1,1
5a73482ac2eb6c00017e3819,1,rot1,3,3
5a73482ac2eb6c00017e3819,1,shear2,3,3
5a73482ac2eb6c00017e3819,1,rot1,2,2
5a73482ac2eb6c00017e3819,1,base,2,2
5a73482ac2eb6c00017e3819,0,rot1,4,3
5a73482ac2eb6c00017e3819,1,rot2,1,1
5a73482ac2eb6c00017e3819,0,shear2,4,3
5a73482ac2eb6c00017e3819,0,base,4,3
5a73482ac2eb6c00017e3819,0,base,4,3
5a73482ac2eb6c00017e3819,1,rot2,3,3
5a73482ac2eb6c00017e3819,1,rot2,2,2
5a73482ac2eb6c00017e3819,0,base,4,3
5a73482ac2eb6c00017e3819,1,shear2,1,1
5a73482ac2eb6c00017e3819,1,rot2,2,2
5a73482ac2eb6c00017e3819,0,base,4,3
5a73482ac2eb6c00017e3819,1,rot2,3,3
5a73482ac2eb6c00017e3819,1,rot1,3,3
5a73482ac2eb6c00017e3819,0,shear1,1,2
5a73482ac2eb6c00017e3819,1,shear1,2,2
5a73482ac2eb6c00017e3819,1,shear1,2,2
5a73482ac2eb6c00017e3819,1,base,3,3
5a73482ac2eb6c00017e3819,1,base,2,2
5a73482ac2eb6c00017e3819,0,rot2,4,3
5a73482ac2eb6c00017e3819,0,rot2,1,2
5a73482ac2eb6c00017e3819,1,shear1,3,3
5a73482ac2eb6c00017e3819,0,rot2,4,3
5a73482ac2eb6c00017e3819,0,shear2,4,2
5a73482ac2eb6c00017e3819,0,rot1,2,1
5a73482ac2eb6c00017e3819,0,shear1,3,2
5a73482ac2eb6c00017e3819,1,base,1,1
5a73482ac2eb6c00017e3819,0,shear2,4,2
5a73482ac2eb6c00017e3819,1,base,1,1
5a73482ac2eb6c00017e3819,0,rot1,4,3
5a73482ac2eb6c00017e3819,1,rot1,1,1
5a73482ac2eb6c00017e3819,0,rot1,3,2
5a73482ac2eb6c00017e3819,0,shear2,3,2
5a73482ac2eb6c00017e3819,1,rot2,3,3
5a73482ac2eb6c00017e3819,1,base,1,1
5a73482ac2eb6c00017e3819,0,base,3,2
5a73482ac2eb6c00017e3819,1,shear2,1,1
5a73482ac2eb6c00017e3819,1,rot2,2,2
5a73482ac2eb6c00017e3819,1,shear1,2,2
5a73482ac2eb6c00017e3819,0,rot2,4,3
5a73482ac2eb6c00017e3819,1,base,2,2
5a73482ac2eb6c00017e3819,1,rot1,2,2
5a73482ac2eb6c00017e3819,1,rot1,1,1
5a73482ac2eb6c00017e3819,0,shear1,4,3
5a73482ac2eb6c00017e3819,0,rot1,3,2
5a73482ac2eb6c00017e3819,1,base,1,1
5a73482ac2eb6c00017e3819,0,rot2,2,1
5a73482ac2eb6c00017e3819,0,rot1,4,3
5a73482ac2eb6c00017e3819,1,shear1,4,4
5a73482ac2eb6c00017e3819,0,shear2,4,3
5a73482ac2eb6c00017e3819,1,shear1,3,3
5a73482ac2eb6c00017e3819,0,shear2,4,2
5a73482ac2eb6c00017e3819,1,shear2,1,1
5a73482ac2eb6c00017e3819,1,rot1,1,1
5a73482ac2eb6c00017e3819,0,rot2,3,2
5a73482ac2eb6c00017e3819,0,shear2,2,3
5a73482ac2eb6c00017e3819,0,shear2,2,4
5a73482ac2eb6c00017e3819,0,shear1,4,3
5a73482ac2eb6c00017e3819,0,shear2,3,4
5a73482ac2eb6c00017e3819,0,shear1,1,2
5a73482ac2eb6c00017e3819,0,shear2,3,2
5a73482ac2eb6c00017e3819,0,base,3,2
5a73482ac2eb6c00017e3819,1,shear1,2,2
5a73482ac2eb6c00017e3819,1,shear2,2,2
5a73482ac2eb6c00017e3819,1,rot2,1,1
5a73482ac2eb6c00017e3819,1,base,1,1
5a73482ac2eb6c00017e3819,0,rot1,2,1
5a73482ac2eb6c00017e3819,0,shear1,4,3
5a73482ac2eb6c00017e3819,0,rot1,4,3
5aef59ad3c80f200013afcb9,1,shear1,1,1
5aef59ad3c80f200013afcb9,1,base,2,2
5aef59ad3c80f200013afcb9,0,rot2,1,2
5aef59ad3c80f200013afcb9,0,shear1,3,4
5aef59ad3c80f200013afcb9,1,rot1,1,1
5aef59ad3c80f200013afcb9,1,rot2,3,3
5aef59ad3c80f200013afcb9,1,shear1,4,4
5aef59ad3c80f200013afcb9,1,shear2,4,4
5aef59ad3c80f200013afcb9,1,rot2,1,1
5aef59ad3c80f200013afcb9,0,rot1,4,3
5aef59ad3c80f200013afcb9,1,shear2,3,3
5aef59ad3c80f200013afcb9,1,shear2,2,2
5aef59ad3c80f200013afcb9,1,shear1,3,3
5aef59ad3c80f200013afcb9,0,rot2,2,3
5aef59ad3c80f200013afcb9,1,rot2,3,3
5aef59ad3c80f200013afcb9,1,rot2,4,4
5aef59ad3c80f200013afcb9,1,shear2,1,1
5aef59ad3c80f200013afcb9,1,rot1,2,2
5aef59ad3c80f200013afcb9,1,shear1,4,4
5aef59ad3c80f200013afcb9,0,base,2,3
5aef59ad3c80f200013afcb9,1,rot1,3,3
5aef59ad3c80f200013afcb9,1,shear1,1,1
5aef59ad3c80f200013afcb9,0,rot1,2,3
5aef59ad3c80f200013afcb9,1,shear2,2,2
5aef59ad3c80f200013afcb9,0,shear2,4,3
5aef59ad3c80f200013afcb9,0,shear2,4,3
5aef59ad3c80f200013afcb9,1,base,1,1
5aef59ad3c80f200013afcb9,1,shear1,1,1
5aef59ad3c80f200013afcb9,0,rot2,3,1
5aef59ad3c80f200013afcb9,1,base,4,4
5aef59ad3c80f200013afcb9,0,rot1,4,3
5aef59ad3c80f200013afcb9,1,base,1,1
5aef59ad3c80f200013afcb9,1,rot1,2,2
5aef59ad3c80f200013afcb9,0,base,3,2
5aef59ad3c80f200013afcb9,1,rot1,2,2
5aef59ad3c80f200013afcb9,1,shear1,4,4
5aef59ad3c80f200013afcb9,1,rot1,3,3
5aef59ad3c80f200013afcb9,1,shear1,1,1
5aef59ad3c80f200013afcb9,1,rot2,2,2
5aef59ad3c80f200013afcb9,0,rot1,3,2
5aef59ad3c80f200013afcb9,1,shear2,3,3
5aef59ad3c80f200013afcb9,1,rot2,3,3
5aef59ad3c80f200013afcb9,0,base,4,3
5aef59ad3c80f200013afcb9,0,shear2,3,4
5aef59ad3c80f200013afcb9,1,rot2,1,1
5aef59ad3c80f200013afcb9,0,base,2,1
5aef59ad3c80f200013afcb9,1,rot1,4,4
5aef59ad3c80f200013afcb9,1,shear2,1,1
5aef59ad3c80f200013afcb9,1,base,1,1
5aef59ad3c80f200013afcb9,1,rot1,1,1
5aef59ad3c80f200013afcb9,1,rot1,1,1
5aef59ad3c80f200013afcb9,1,rot2,4,4
5aef59ad3c80f200013afcb9,0,shear1,2,3
5aef59ad3c80f200013afcb9,0,shear1,3,4
5aef59ad3c80f200013afcb9,0,shear2,2,3
5aef59ad3c80f200013afcb9,1,rot1,3,3
5aef59ad3c80f200013afcb9,1,base,2,2
5aef59ad3c80f200013afcb9,1,base,2,2
5aef59ad3c80f200013afcb9,1,rot2,4,4
5aef59ad3c80f200013afcb9,1,shear2,4,4
5aef59ad3c80f200013afcb9,1,rot2,2,2
5aef59ad3c80f200013afcb9,1,rot1,1,1
5aef59ad3c80f200013afcb9,1,base,1,1
5aef59ad3c80f200013afcb9,1,shear1,4,4
5aef59ad3c80f200013afcb9,1,base,4,4
5aef59ad3c80f200013afcb9,1,base,4,4
5aef59ad3c80f200013afcb9,1,shear2,1,1
5aef59ad3c80f200013afcb9,1,rot1,2,2
5aef59ad3c80f200013afcb9,1,rot2,1,1
5aef59ad3c80f200013afcb9,1,shear1,2,2
5aef59ad3c80f200013afcb9,1,shear1,3,3
5aef59ad3c80f200013afcb9,1,shear1,4,4
5aef59ad3c80f200013afcb9,1,shear2,1,1
5aef59ad3c80f200013afcb9,1,shear2,3,3
5aef59ad3c80f200013afcb9,1,base,3,3
5aef59ad3c80f200013afcb9,0,shear2,2,3
5aef59ad3c80f200013afcb9,1,base,3,3
5aef59ad3c80f200013afcb9,0,shear2,2,3
5aef59ad3c80f200013afcb9,1,base,3,3
5aef59ad3c80f200013afcb9,1,rot2,4,4
5aef59ad3c80f200013afcb9,0,shear2,1,3
5aef59ad3c80f200013afcb9,0,rot2,1,2
5aef59ad3c80f200013afcb9,1,rot1,4,4
5aef59ad3c80f200013afcb9,1,rot1,1,1
5aef59ad3c80f200013afcb9,1,base,3,3
5aef59ad3c80f200013afcb9,1,shear1,3,3
5aef59ad3c80f200013afcb9,1,rot2,2,2
5aef59ad3c80f200013afcb9,1,rot1,4,4
5aef59ad3c80f200013afcb9,1,shear1,1,1
5aef59ad3c80f200013afcb9,1,rot2,4,4
5aef59ad3c80f200013afcb9,1,shear1,2,2
5aef59ad3c80f200013afcb9,1,rot2,2,2
5aef59ad3c80f200013afcb9,0,shear1,2,1
5aef59ad3c80f200013afcb9,1,rot2,3,3
5aef59ad3c80f200013afcb9,0,base,4,3
5aef59ad3c80f200013afcb9,0,shear2,4,3
5aef59ad3c80f200013afcb9,0,base,1,2
5aef59ad3c80f200013afcb9,0,shear2,3,4
5aef59ad3c80f200013afcb9,1,shear1,2,2
5aef59ad3c80f200013afcb9,1,rot1,3,3
5b589d330bc96b0001fa5d3c,0,rot2,4,3
5b589d330bc96b0001fa5d3c,1,rot1,1,1
5b589d330bc96b0001fa5d3c,1,base,3,3
5b589d330bc96b0001fa5d3c,1,rot1,3,3
5b589d330bc96b0001fa5d3c,0,shear2,2,4
5b589d330bc96b0001fa5d3c,0,base,4,3
5b589d330bc96b0001fa5d3c,1,rot2,2,2
5b589d330bc96b0001fa5d3c,0,shear2,3,4
5b589d330bc96b0001fa5d3c,0,shear1,3,4
5b589d330bc96b0001fa5d3c,1,rot1,4,4
5b589d330bc96b0001fa5d3c,0,rot1,1,2
5b589d330bc96b0001fa5d3c,1,base,2,2
5b589d330bc96b0001fa5d3c,0,rot1,1,2
5b589d330bc96b0001fa5d3c,1,rot1,3,3
5b589d330bc96b0001fa5d3c,0,shear1,2,3
5b589d330bc96b0001fa5d3c,1,rot1,4,4
5b589d330bc96b0001fa5d3c,1,rot1,2,2
5b589d330bc96b0001fa5d3c,1,rot1,4,4
5b589d330bc96b0001fa5d3c,1,shear2,1,1
5b589d330bc96b0001fa5d3c,1,base,1,1
5b589d330bc96b0001fa5d3c,1,rot2,3,3
5b589d330bc96b0001fa5d3c,1,base,3,3
5b589d330bc96b0001fa5d3c,1,rot2,1,1
5b589d330bc96b0001fa5d3c,1,rot2,3,3
5b589d330bc96b0001fa5d3c,1,rot1,4,4
5b589d330bc96b0001fa5d3c,1,shear1,2,2
5b589d330bc96b0001fa5d3c,1,base,4,4
5b589d330bc96b0001fa5d3c,1,rot1,3,3
5b589d330bc96b0001fa5d3c,1,base,1,1
5b589d330bc96b0001fa5d3c,1,rot2,2,2
5b589d330bc96b0001fa5d3c,1,shear1,2,2
5b589d330bc96b0001fa5d3c,0,base,3,2
5b589d330bc96b0001fa5d3c,1,shear1,2,2
5b589d330bc96b0001fa5d3c,0,shear2,2,3
5b589d330bc96b0001fa5d3c,0,base,4,3
5b589d330bc96b0001fa5d3c,1,shear2,1,1
5b589d330bc96b0001fa5d3c,1,shear1,4,4
5b589d330bc96b0001fa5d3c,1,base,1,1
5b589d330bc96b0001fa5d3c,1,shear2,4,4
5b589d330bc96b0001fa5d3c,1,rot2,1,1
5b589d330bc96b0001fa5d3c,1,rot1,2,2
5b589d330bc96b0001fa5d3c,0,shear1,4,3
5b589d330bc96b0001fa5d3c,0,base,3,2
5b589d330bc96b0001fa5d3c,1,shear2,3,3
5b589d330bc96b0001fa5d3c,0,shear2,3,4
5b589d330bc96b0001fa5d3c,1,rot2,1,1
5b589d330bc96b0001fa5d3c,0,shear2,3,4
5b589d330bc96b0001fa5d3c,0,shear2,1,2
5b589d330bc96b0001fa5d3c,1,rot1,2,2
5b589d330bc96b0001fa5d3c,1,shear2,2,2
5b589d330bc96b0001fa5d3c,1,shear1,1,1
5b589d330bc96b0001fa5d3c,1,rot2,4,4
5b589d330bc96b0001fa5d3c,1,rot1,3,3
5b589d330bc96b0001fa5d3c,0,shear2,4,3
5b589d330bc96b0001fa5d3c,1,rot1,1,1
5b589d330bc96b0001fa5d3c,1,rot1,2,2
5b589d330bc96b0001fa5d3c,1,shear1,1,1
5b589d330bc96b0001fa5d3c,1,rot2,4,4
5b589d330bc96b0001fa5d3c,1,base,2,2
5b589d330bc96b0001fa5d3c,0,shear1,4,3
5b589d330bc96b0001fa5d3c,1,rot2,1,1
5b589d330bc96b0001fa5d3c,1,rot2,3,3
5b589d330bc96b0001fa5d3c,0,shear1,3,4
5b589d330bc96b0001fa5d3c,0,shear2,4,3
5b589d330bc96b0001fa5d3c,1,base,3,3
5b589d330bc96b0001fa5d3c,0,shear1,3,2
5b589d330bc96b0001fa5d3c,0,rot2,3,2
5b589d330bc96b0001fa5d3c,0,shear1,4,3
5b589d330bc96b0001fa5d3c,1,rot1,2,2
5b589d330bc96b0001fa5d3c,1,shear2,2,2
5b589d330bc96b0001fa5d3c,1,base,4,4
5b589d330bc96b0001fa5d3c,1,shear1,1,1
5b589d330bc96b0001fa5d3c,1,shear2,2,2
5b589d330bc96b0001fa5d3c,1,rot2,2,2
5b589d330bc96b0001fa5d3c,0,rot2,1,2
5b589d330bc96b0001fa5d3c,1,base,4,4
5b589d330bc96b0001fa5d3c,1,rot2,2,2
5b589d330bc96b0001fa5d3c,0,shear2,1,2
5b589d330bc96b0001fa5d3c,0,rot1,1,2
5b589d330bc96b0001fa5d3c,0,shear2,4,3
5b589d330bc96b0001fa5d3c,1,base,1,1
5b589d330bc96b0001fa5d3c,1,rot1,4,4
5b589d330bc96b0001fa5d3c,1,rot2,2,2
5b589d330bc96b0001fa5d3c,1,shear1,2,2
5b589d330bc96b0001fa5d3c,1,rot1,3,3
5b589d330bc96b0001fa5d3c,1,shear1,3,3
5b589d330bc96b0001fa5d3c,1,base,2,2
5b589d330bc96b0001fa5d3c,1,base,1,1
5b589d330bc96b0001fa5d3c,1,shear2,3,3
5b589d330bc96b0001fa5d3c,1,base,2,2
5b589d330bc96b0001fa5d3c,0,shear1,1,2
5b589d330bc96b0001fa5d3c,1,shear1,1,1
5b589d330bc96b0001fa5d3c,1,shear1,4,4
5b589d330bc96b0001fa5d3c,0,rot2,3,1
5b589d330bc96b0001fa5d3c,1,rot2,4,4
5b589d330bc96b0001fa5d3c,1,rot2,4,4
5b589d330bc96b0001fa5d3c,1,base,2,2
5b589d330bc96b0001fa5d3c,1,shear2,1,1
5b589d330bc96b0001fa5d3c,0,shear2,4,3
5b589d330bc96b0001fa5d3c,0,shear1,3,2
5c97e0fdf74b3500152c1608,0,shear1,3,1
5c97e0fdf74b3500152c1608,0,shear1,3,2
5c97e0fdf74b3500152c1608,0,rot2,1,4
5c97e0fdf74b3500152c1608,0,shear2,2,3
5c97e0fdf74b3500152c1608,0,shear2,3,4
5c97e0fdf74b3500152c1608,0,rot2,2,3
5c97e0fdf74b3500152c1608,0,rot2,2,3
5c97e0fdf74b3500152c1608,1,rot1,4,4
5c97e0fdf74b3500152c1608,0,base,3,2
5c97e0fdf74b3500152c1608,1,shear1,4,4
5c97e0fdf74b3500152c1608,1,rot2,4,4
5c97e0fdf74b3500152c1608,1,rot2,3,3
5c97e0fdf74b3500152c1608,1,rot1,1,1
5c97e0fdf74b3500152c1608,0,rot2,4,3
5c97e0fdf74b3500152c1608,1,rot2,1,1
5c97e0fdf74b3500152c1608,1,shear1,4,4
5c97e0fdf74b3500152c1608,1,shear2,1,1
5c97e0fdf74b3500152c1608,0,shear1,2,3
5c97e0fdf74b3500152c1608,0,shear1,1,2
5c97e0fdf74b3500152c1608,1,base,2,2
5c97e0fdf74b3500152c1608,1,rot2,4,4
5c97e0fdf74b3500152c1608,1,rot1,4,4
5c97e0fdf74b3500152c1608,1,base,1,1
5c97e0fdf74b3500152c1608,1,shear2,1,1
5c97e0fdf74b3500152c1608,1,shear1,3,3
5c97e0fdf74b3500152c1608,0,shear1,1,2
5c97e0fdf74b3500152c1608,1,shear2,2,2
5c97e0fdf74b3500152c1608,1,rot1,3,3
5c97e0fdf74b3500152c1608,1,base,2,2
5c97e0fdf74b3500152c1608,1,base,4,4
5c97e0fdf74b3500152c1608,0,shear1,2,3
5c97e0fdf74b3500152c1608,1,rot2,1,1
5c97e0fdf74b3500152c1608,1,rot2,4,4
5c97e0fdf74b3500152c1608,0,shear1,3,4
5c97e0fdf74b3500152c1608,0,shear2,2,3
5c97e0fdf74b3500152c1608,1,base,4,4
5c97e0fdf74b3500152c1608,1,rot1,3,3
5c97e0fdf74b3500152c1608,1,rot2,1,1
5c97e0fdf74b3500152c1608,1,shear2,2,2
5c97e0fdf74b3500152c1608,1,rot2,3,3
5c97e0fdf74b3500152c1608,1,shear1,1,1
5c97e0fdf74b3500152c1608,1,base,3,3
5c97e0fdf74b3500152c1608,1,shear2,4,4
5c97e0fdf74b3500152c1608,1,shear2,2,2
5c97e0fdf74b3500152c1608,1,shear1,4,4
5c97e0fdf74b3500152c1608,1,rot1,3,3
5c97e0fdf74b3500152c1608,0,rot1,4,3
5c97e0fdf74b3500152c1608,0,rot2,2,3
5c97e0fdf74b3500152c1608,1,base,1,1
5c97e0fdf74b3500152c1608,1,base,2,2
5c97e0fdf74b3500152c1608,0,shear1,3,4
5c97e0fdf74b3500152c1608,1,base,3,3
5c97e0fdf74b3500152c1608,0,rot1,2,3
5c97e0fdf74b3500152c1608,1,base,1,1
5c97e0fdf74b3500152c1608,1,shear2,4,4
5c97e0fdf74b3500152c1608,1,shear2,4,4
5c97e0fdf74b3500152c1608,0,shear1,2,3
5c97e0fdf74b3500152c1608,1,rot1,1,1
5c97e0fdf74b3500152c1608,1,rot2,1,1
5c97e0fdf74b3500152c1608,0,rot2,3,2
5c97e0fdf74b3500152c1608,0,rot1,2,3
5c97e0fdf74b3500152c1608,0,shear2,3,4
5c97e0fdf74b3500152c1608,0,shear2,3,4
5c97e0fdf74b3500152c1608,0,rot1,4,2
5c97e0fdf74b3500152c1608,0,shear1,2,3
5c97e0fdf74b3500152c1608,0,shear2,1,2
5c97e0fdf74b3500152c1608,1,rot1,2,2
5c97e0fdf74b3500152c1608,1,rot1,4,4
5c97e0fdf74b3500152c1608,1,base,2,2
5c97e0fdf74b3500152c1608,1,base,4,4
5c97e0fdf74b3500152c1608,1,rot2,4,4
5c97e0fdf74b3500152c1608,0,shear2,1,2
5c97e0fdf74b3500152c1608,1,shear1,4,4
5c97e0fdf74b3500152c1608,1,rot2,3,3
5c97e0fdf74b3500152c1608,1,rot1,1,1
5c97e0fdf74b3500152c1608,1,rot1,2,2
5c97e0fdf74b3500152c1608,0,rot1,1,3
5c97e0fdf74b3500152c1608,0,shear1,1,2
5c97e0fdf74b3500152c1608,1,base,3,3
5c97e0fdf74b3500152c1608,1,rot2,3,3
5c97e0fdf74b3500152c1608,0,rot1,1,2
5c97e0fdf74b3500152c1608,0,shear2,3,4
5c97e0fdf74b3500152c1608,1,rot1,3,3
5c97e0fdf74b3500152c1608,0,shear2,3,4
5c97e0fdf74b3500152c1608,0,base,1,2
5c97e0fdf74b3500152c1608,0,rot2,2,3
5c97e0fdf74b3500152c1608,0,rot2,2,3
5c97e0fdf74b3500152c1608,1,base,3,3
5c97e0fdf74b3500152c1608,1,shear2,4,4
5c97e0fdf74b3500152c1608,1,shear1,2,2
5c97e0fdf74b3500152c1608,0,shear1,1,2
5c97e0fdf74b3500152c1608,0,rot1,2,3
5c97e0fdf74b3500152c1608,0,shear2,1,2
5c97e0fdf74b3500152c1608,1,shear1,4,4
5c97e0fdf74b3500152c1608,1,rot1,3,3
5c97e0fdf74b3500152c1608,1,base,4,4
5c97e0fdf74b3500152c1608,1,base,1,1
5c97e0fdf74b3500152c1608,1,base,2,2
5c97e0fdf74b3500152c1608,1,base,4,4
5c97e0fdf74b3500152c1608,1,shear2,4,4
5cc82b9ea8367900164d8775,1,rot2,4,4
5cc82b9ea8367900164d8775,1,base,3,3
5cc82b9ea8367900164d8775,0,shear1,2,1
5cc82b9ea8367900164d8775,1,rot2,1,1
5cc82b9ea8367900164d8775,0,shear1,4,3
5cc82b9ea8367900164d8775,0,shear2,4,2
5cc82b9ea8367900164d8775,1,base,3,3
5cc82b9ea8367900164d8775,0,shear2,3,1
5cc82b9ea8367900164d8775,1,base,2,2
5cc82b9ea8367900164d8775,1,base,1,1
5cc82b9ea8367900164d8775,1,rot2,3,3
5cc82b9ea8367900164d8775,1,base,4,4
5cc82b9ea8367900164d8775,1,base,1,1
5cc82b9ea8367900164d8775,1,rot2,1,1
5cc82b9ea8367900164d8775,1,base,2,2
5cc82b9ea8367900164d8775,0,shear2,2,3
5cc82b9ea8367900164d8775,1,rot1,3,3
5cc82b9ea8367900164d8775,0,shear2,4,1
5cc82b9ea8367900164d8775,1,rot1,1,1
5cc82b9ea8367900164d8775,1,shear2,2,2
5cc82b9ea8367900164d8775,0,base,1,2
5cc82b9ea8367900164d8775,0,shear1,4,3
5cc82b9ea8367900164d8775,1,shear1,1,1
5cc82b9ea8367900164d8775,1,shear1,3,3
5cc82b9ea8367900164d8775,0,shear2,4,1
5cc82b9ea8367900164d8775,1,base,1,1
5cc82b9ea8367900164d8775,1,shear2,3,3
5cc82b9ea8367900164d8775,0,shear2,4,3
5cc82b9ea8367900164d8775,0,base,4,2
5cc82b9ea8367900164d8775,0,shear2,3,1
5cc82b9ea8367900164d8775,1,base,2,2
5cc82b9ea8367900164d8775,0,shear2,2,4
5cc82b9ea8367900164d8775,1,base,4,4
5cc82b9ea8367900164d8775,0,rot2,2,3
5cc82b9ea8367900164d8775,1,rot1,3,3
5cc82b9ea8367900164d8775,1,shear2,1,1
5cc82b9ea8367900164d8775,0,shear1,3,2
5cc82b9ea8367900164d8775,0,shear1,2,3
5cc82b9ea8367900164d8775,1,rot2,1,1
5cc82b9ea8367900164d8775,1,shear1,2,2
5cc82b9ea8367900164d8775,1,shear2,1,1
5cc82b9ea8367900164d8775,0,rot1,2,3
5cc82b9ea8367900164d8775,1,rot2,4,4
5cc82b9ea8367900164d8775,0,shear1,4,2
5cc82b9ea8367900164d8775,1,rot1,3,3
5cc82b9ea8367900164d8775,1,shear1,1,1
5cc82b9ea8367900164d8775,0,rot1,1,3
5cc82b9ea8367900164d8775,1,shear2,1,1
5cc82b9ea8367900164d8775,1,rot2,3,3
5cc82b9ea8367900164d8775,1,shear1,1,1
5cc82b9ea8367900164d8775,1,rot2,3,3
5cc82b9ea8367900164d8775,1,rot1,4,4
5cc82b9ea8367900164d8775,1,rot1,2,2
5cc82b9ea8367900164d8775,1,rot1,3,3
5cc82b9ea8367900164d8775,1,base,2,2
5cc82b9ea8367900164d8775,0,shear1,3,4
5cc82b9ea8367900164d8775,1,base,2,2
5cc82b9ea8367900164d8775,1,rot1,4,4
5cc82b9ea8367900164d8775,0,shear2,2,1
5cc82b9ea8367900164d8775,0,shear2,4,1
5cc82b9ea8367900164d8775,1,rot1,2,2
5cc82b9ea8367900164d8775,1,rot2,2,2
5cc82b9ea8367900164d8775,1,shear1,1,1
5cc82b9ea8367900164d8775,1,rot2,4,4
5cc82b9ea8367900164d8775,1,rot1,1,1
5cc82b9ea8367900164d8775,1,shear1,1,1
5cc82b9ea8367900164d8775,0,shear2,2,3
5cc82b9ea8367900164d8775,1,rot1,2,2
5cc82b9ea8367900164d8775,1,shear2,1,1
5cc82b9ea8367900164d8775,1,rot2,3,3
5cc82b9ea8367900164d8775,1,base,4,4
5cc82b9ea8367900164d8775,1,shear1,2,2
5cc82b9ea8367900164d8775,1,rot1,4,4
5cc82b9ea8367900164d8775,1,base,4,4
5cc82b9ea8367900164d8775,1,base,3,3
5cc82b9ea8367900164d8775,1,base,3,3
5cc82b9ea8367900164d8775,1,rot1,1,1
5cc82b9ea8367900164d8775,1,shear1,4,4
5cc82b9ea8367900164d8775,0,shear2,3,4
5cc82b9ea8367900164d8775,1,rot1,3,3
5cc82b9ea8367900164d8775,1,rot2,1,1
5cc82b9ea8367900164d8775,0,rot2,4,3
5cc82b9ea8367900164d8775,1,base,3,3
5cc82b9ea8367900164d8775,1,rot1,1,1
5cc82b9ea8367900164d8775,1,rot2,2,2
5cc82b9ea8367900164d8775,1,shear1,4,4
5cc82b9ea8367900164d8775,1,rot1,4,4
5cc82b9ea8367900164d8775,1,rot2,3,3
5cc82b9ea8367900164d8775,1,shear1,3,3
5cc82b9ea8367900164d8775,1,base,1,1
5cc82b9ea8367900164d8775,0,shear1,3,4
5cc82b9ea8367900164d8775,1,rot2,2,2
5cc82b9ea8367900164d8775,1,rot1,4,4
5cc82b9ea8367900164d8775,0,rot2,1,2
5cc82b9ea8367900164d8775,1,rot2,4,4
5cc82b9ea8367900164d8775,0,shear2,3,4
5cc82b9ea8367900164d8775,1,rot1,2,2
5cc82b9ea8367900164d8775,1,shear2,1,1
5cc82b9ea8367900164d8775,1,rot2,2,2
5cc82b9ea8367900164d8775,0,shear1,2,3
5da59a5264995200110bef1a,1,rot2,1,1
5da59a5264995200110bef1a,1,rot2,4,4
5da59a5264995200110bef1a,1,rot2,2,2
5da59a5264995200110bef1a,0,shear1,3,4
5da59a5264995200110bef1a,0,shear2,4,1
5da59a5264995200110bef1a,1,base,1,1
5da59a5264995200110bef1a,0,shear2,2,4
5da59a5264995200110bef1a,1,shear1,2,2
5da59a5264995200110bef1a,1,rot2,2,2
5da59a5264995200110bef1a,1,shear1,4,4
5da59a5264995200110bef1a,1,rot2,3,3
5da59a5264995200110bef1a,1,rot2,2,2
5da59a5264995200110bef1a,1,rot2,1,1
5da59a5264995200110bef1a,1,base,1,1
5da59a5264995200110bef1a,0,shear2,3,4
5da59a5264995200110bef1a,1,base,3,3
5da59a5264995200110bef1a,1,shear1,4,4
5da59a5264995200110bef1a,1,rot1,1,1
5da59a5264995200110bef1a,1,shear2,4,4
5da59a5264995200110bef1a,1,rot1,3,3
5da59a5264995200110bef1a,1,rot2,3,3
5da59a5264995200110bef1a,0,shear2,3,4
5da59a5264995200110bef1a,0,shear2,1,3
5da59a5264995200110bef1a,0,base,4,3
5da59a5264995200110bef1a,0,shear2,1,3
5da59a5264995200110bef1a,1,rot2,1,1
5da59a5264995200110bef1a,0,shear2,2,4
5da59a5264995200110bef1a,0,rot1,4,3
5da59a5264995200110bef1a,0,rot2,4,3
5da59a5264995200110bef1a,1,base,2,2
5da59a5264995200110bef1a,0,shear1,2,3
5da59a5264995200110bef1a,0,rot2,4,3
5da59a5264995200110bef1a,1,rot2,3,3
5da59a5264995200110bef1a,1,rot1,3,3
5da59a5264995200110bef1a,1,base,3,3
5da59a5264995200110bef1a,0,shear1,1,2
5da59a5264995200110bef1a,0,rot1,4,3
5da59a5264995200110bef1a,0,rot1,1,2
5da59a5264995200110bef1a,0,shear1,2,3
5da59a5264995200110bef1a,0,shear1,2,3
5da59a5264995200110bef1a,1,rot1,3,3
5da59a5264995200110bef1a,0,shear2,3,4
5da59a5264995200110bef1a,0,base,4,3
5da59a5264995200110bef1a,0,base,1,2
5da59a5264995200110bef1a,1,base,2,2
5da59a5264995200110bef1a,1,rot2,1,1
5da59a5264995200110bef1a,0,shear2,3,4
5da59a5264995200110bef1a,1,shear1,3,3
5da59a5264995200110bef1a,0,rot2,1,2
5da59a5264995200110bef1a,0,rot1,2,3
5da59a5264995200110bef1a,1,shear1,4,4
5da59a5264995200110bef1a,0,shear1,2,3
5da59a5264995200110bef1a,1,rot2,2,2
5da59a5264995200110bef1a,1,base,4,4
5da59a5264995200110bef1a,1,shear2,4,4
5da59a5264995200110bef1a,1,rot1,1,1
5da59a5264995200110bef1a,1,rot2,2,2
5da59a5264995200110bef1a,1,rot1,3,3
5da59a5264995200110bef1a,1,rot1,4,4
5da59a5264995200110bef1a,0,shear2,1,3
5da59a5264995200110bef1a,1,rot2,4,4
5da59a5264995200110bef1a,0,base,2,3
5da59a5264995200110bef1a,0,shear1,1,3
5da59a5264995200110bef1a,1,rot1,2,2
5da59a5264995200110bef1a,0,base,3,4
5da59a5264995200110bef1a,0,shear2,3,4
5da59a5264995200110bef1a,0,base,2,4
5da59a5264995200110bef1a,1,rot1,2,2
5da59a5264995200110bef1a,0,shear1,1,2
5da59a5264995200110bef1a,1,rot1,4,4
5da59a5264995200110bef1a,1,base,4,4
5da59a5264995200110bef1a,0,base,1,3
5da59a5264995200110bef1a,1,shear2,4,4
5da59a5264995200110bef1a,0,rot1,3,4
5da59a5264995200110bef1a,0,shear2,1,3
5da59a5264995200110bef1a,0,shear1,3,4
5da59a5264995200110bef1a,1,shear1,4,4
5da59a5264995200110bef1a,0,shear1,3,4
5da59a5264995200110bef1a,0,base,2,4
5da59a5264995200110bef1a,0,base,1,2
5da59a5264995200110bef1a,1,rot1,1,1
5da59a5264995200110bef1a,0,base,3,4
5da59a5264995200110bef1a,0,base,3,4
5da59a5264995200110bef1a,0,rot2,3,4
5da59a5264995200110bef1a,1,rot1,2,2
5da59a5264995200110bef1a,0,shear2,2,4
5da59a5264995200110bef1a,0,shear1,1,2
5da59a5264995200110bef1a,1,shear2,4,4
5da59a5264995200110bef1a,1,rot1,2,2
5da59a5264995200110bef1a,1,rot2,4,4
5da59a5264995200110bef1a,1,rot1,4,4
5da59a5264995200110bef1a,0,rot1,1,2
5da59a5264995200110bef1a,0,shear1,3,4
5da59a5264995200110bef1a,0,rot2,3,4
5da59a5264995200110bef1a,0,shear2,1,2
5da59a5264995200110bef1a,0,shear2,2,3
5da59a5264995200110bef1a,0,shear2,2,3
5da59a5264995200110bef1a,0,shear1,1,2
5da59a5264995200110bef1a,1,base,4,4
5da59a5264995200110bef1a,1,shear1,4,4
5e31ebdb8dc3121d3cd9316f,0,shear2,1,2
5e31ebdb8dc3121d3cd9316f,1,shear2,2,2
5e31ebdb8dc3121d3cd9316f,0,rot1,1,3
5e31ebdb8dc3121d3cd9316f,0,rot1,3,4
5e31ebdb8dc3121d3cd9316f,0,rot1,2,4
5e31ebdb8dc3121d3cd9316f,0,base,4,3
5e31ebdb8dc3121d3cd9316f,1,base,1,1
5e31ebdb8dc3121d3cd9316f,0,base,3,4
5e31ebdb8dc3121d3cd9316f,1,rot1,2,2
5e31ebdb8dc3121d3cd9316f,1,shear1,4,4
5e31ebdb8dc3121d3cd9316f,1,rot2,4,4
5e31ebdb8dc3121d3cd9316f,1,base,3,3
5e31ebdb8dc3121d3cd9316f,0,shear1,3,2
5e31ebdb8dc3121d3cd9316f,1,base,1,1
5e31ebdb8dc3121d3cd9316f,0,shear2,2,3
5e31ebdb8dc3121d3cd9316f,1,rot1,2,2
5e31ebdb8dc3121d3cd9316f,0,shear2,4,3
5e31ebdb8dc3121d3cd9316f,0,shear2,1,4
5e31ebdb8dc3121d3cd9316f,1,rot2,3,3
5e31ebdb8dc3121d3cd9316f,1,rot1,4,4
5e31ebdb8dc3121d3cd9316f,0,shear1,4,2
5e31ebdb8dc3121d3cd9316f,1,shear1,3,3
5e31ebdb8dc3121d3cd9316f,1,rot2,3,3
5e31ebdb8dc3121d3cd9316f,1,rot2,2,2
5e31ebdb8dc3121d3cd9316f,0,shear1,1,2
5e31ebdb8dc3121d3cd9316f,0,shear1,4,3
5e31ebdb8dc3121d3cd9316f,0,shear2,4,3
5e31ebdb8dc3121d3cd9316f,0,shear1,2,3
5e31ebdb8dc3121d3cd9316f,1,rot2,1,1
5e31ebdb8dc3121d3cd9316f,1,base,1,1
5e31ebdb8dc3121d3cd9316f,1,rot2,4,4
5e31ebdb8dc3121d3cd9316f,1,shear1,2,2
5e31ebdb8dc3121d3cd9316f,1,rot2,1,1
5e31ebdb8dc3121d3cd9316f,1,rot1,3,3
5e31ebdb8dc3121d3cd9316f,1,base,3,3
5e31ebdb8dc3121d3cd9316f,1,rot1,4,4
5e31ebdb8dc3121d3cd9316f,1,rot2,1,1
5e31ebdb8dc3121d3cd9316f,1,rot2,2,2
5e31ebdb8dc3121d3cd9316f,1,rot2,2,2
5e31ebdb8dc3121d3cd9316f,1,rot1,3,3
5e31ebdb8dc3121d3cd9316f,1,rot2,2,2
5e31ebdb8dc3121d3cd9316f,1,rot2,1,1
5e31ebdb8dc3121d3cd9316f,1,base,2,2
5e31ebdb8dc3121d3cd9316f,1,shear2,3,3
5e31ebdb8dc3121d3cd9316f,1,base,2,2
5e31ebdb8dc3121d3cd9316f,0,rot2,4,3
5e31ebdb8dc3121d3cd9316f,0,shear2,3,2
5e31ebdb8dc3121d3cd9316f,1,base,2,2
5e31ebdb8dc3121d3cd9316f,1,rot1,1,1
5e31ebdb8dc3121d3cd9316f,1,shear2,1,1
5e31ebdb8dc3121d3cd9316f,0,shear2,4,2
5e31ebdb8dc3121d3cd9316f,1,shear1,3,3
5e31ebdb8dc3121d3cd9316f,1,rot1,3,3
5e31ebdb8dc3121d3cd9316f,1,base,4,4
5e31ebdb8dc3121d3cd9316f,0,shear2,4,3
5e31ebdb8dc3121d3cd9316f,1,shear2,2,2
5e31ebdb8dc3121d3cd9316f,1,rot1,1,1
5e31ebdb8dc3121d3cd9316f,1,shear2,3,3
5e31ebdb8dc3121d3cd9316f,1,base,1,1
5e31ebdb8dc3121d3cd9316f,1,base,4,4
5e31ebdb8dc3121d3cd9316f,0,shear1,1,2
5e31ebdb8dc3121d3cd9316f,1,shear2,1,1
5e31ebdb8dc3121d3cd9316f,1,rot2,4,4
5e31ebdb8dc3121d3cd9316f,1,rot1,2,2
5e31ebdb8dc3121d3cd9316f,0,base,2,3
5e31ebdb8dc3121d3cd9316f,0,shear1,1,3
5e31ebdb8dc3121d3cd9316f,0,shear1,2,4
5e31ebdb8dc3121d3cd9316f,0,shear1,1,4
5e31ebdb8dc3121d3cd9316f,1,shear1,3,3
5e31ebdb8dc3121d3cd9316f,0,base,3,4
5e31ebdb8dc3121d3cd9316f,1,rot1,1,1
5e31ebdb8dc3121d3cd9316f,1,rot1,3,3
5e31ebdb8dc3121d3cd9316f,0,shear1,3,2
5e31ebdb8dc3121d3cd9316f,0,shear1,2,3
5e31ebdb8dc3121d3cd9316f,1,shear1,4,4
5e31ebdb8dc3121d3cd9316f,1,rot1,4,4
5e31ebdb8dc3121d3cd9316f,1,shear1,2,2
5e31ebdb8dc3121d3cd9316f,1,base,4,4
5e31ebdb8dc3121d3cd9316f,1,rot2,3,3
5e31ebdb8dc3121d3cd9316f,1,rot1,4,4
5e31ebdb8dc3121d3cd9316f,1,shear2,2,2
5e31ebdb8dc3121d3cd9316f,1,base,1,1
5e31ebdb8dc3121d3cd9316f,1,shear2,2,2
5e31ebdb8dc3121d3cd9316f,0,base,3,2
5e31ebdb8dc3121d3cd9316f,1,shear1,1,1
5e31ebdb8dc3121d3cd9316f,0,shear1,4,3
5e31ebdb8dc3121d3cd9316f,1,rot2,3,3
5e31ebdb8dc3121d3cd9316f,1,base,4,4
5e31ebdb8dc3121d3cd9316f,0,shear2,3,4
5e31ebdb8dc3121d3cd9316f,1,rot2,3,3
5e31ebdb8dc3121d3cd9316f,0,rot2,4,3
5e31ebdb8dc3121d3cd9316f,1,rot1,2,2
5e31ebdb8dc3121d3cd9316f,0,shear2,1,2
5e31ebdb8dc3121d3cd9316f,1,base,2,2
5e31ebdb8dc3121d3cd9316f,1,rot2,1,1
5e31ebdb8dc3121d3cd9316f,1,rot2,2,2
5e31ebdb8dc3121d3cd9316f,1,rot1,4,4
5e31ebdb8dc3121d3cd9316f,1,shear2,3,3
5e31ebdb8dc3121d3cd9316f,0,rot1,1,2
5e31ebdb8dc3121d3cd9316f,1,shear2,4,4
5e7fe08b073e580abfabd69e,1,rot1,4,4
5e7fe08b073e580abfabd69e,1,base,4,4
5e7fe08b073e580abfabd69e,1,base,2,2
5e7fe08b073e580abfabd69e,1,rot2,3,3
5e7fe08b073e580abfabd69e,1,rot1,3,3
5e7fe08b073e580abfabd69e,1,shear1,3,3
5e7fe08b073e580abfabd69e,1,shear1,2,2
5e7fe08b073e580abfabd69e,0,base,4,3
5e7fe08b073e580abfabd69e,0,shear1,2,3
5e7fe08b073e580abfabd69e,1,rot1,1,1
5e7fe08b073e580abfabd69e,0,shear2,2,4
5e7fe08b073e580abfabd69e,1,base,2,2
5e7fe08b073e580abfabd69e,1,rot1,3,3
5e7fe08b073e580abfabd69e,1,rot2,3,3
5e7fe08b073e580abfabd69e,1,shear1,4,4
5e7fe08b073e580abfabd69e,1,base,1,1
5e7fe08b073e580abfabd69e,1,rot1,1,1
5e7fe08b073e580abfabd69e,1,rot2,1,1
5e7fe08b073e580abfabd69e,1,rot2,1,1
5e7fe08b073e580abfabd69e,0,shear2,4,3
5e7fe08b073e580abfabd69e,0,rot2,1,2
5e7fe08b073e580abfabd69e,1,base,2,2
5e7fe08b073e580abfabd69e,0,rot2,2,3
5e7fe08b073e580abfabd69e,1,base,1,1
5e7fe08b073e580abfabd69e,1,shear2,3,3
5e7fe08b073e580abfabd69e,0,shear1,1,3
5e7fe08b073e580abfabd69e,1,shear1,4,4
5e7fe08b073e580abfabd69e,1,base,4,4
5e7fe08b073e580abfabd69e,1,base,4,4
5e7fe08b073e580abfabd69e,1,rot1,3,3
5e7fe08b073e580abfabd69e,0,rot2,2,3
5e7fe08b073e580abfabd69e,1,base,3,3
5e7fe08b073e580abfabd69e,0,rot2,2,3
5e7fe08b073e580abfabd69e,1,rot2,3,3
5e7fe08b073e580abfabd69e,0,rot1,4,3
5e7fe08b073e580abfabd69e,0,base,1,2
5e7fe08b073e580abfabd69e,1,base,1,1
5e7fe08b073e580abfabd69e,1,base,3,3
5e7fe08b073e580abfabd69e,0,shear2,4,2
5e7fe08b073e580abfabd69e,0,shear2,2,3
5e7fe08b073e580abfabd69e,1,rot2,3,3
5e7fe08b073e580abfabd69e,0,shear2,1,2
5e7fe08b073e580abfabd69e,0,shear1,1,2
5e7fe08b073e580abfabd69e,0,shear2,1,2
5e7fe08b073e580abfabd69e,1,rot2,4,4
5e7fe08b073e580abfabd69e,0,rot1,2,3
5e7fe08b073e580abfabd69e,0,rot2,2,3
5e7fe08b073e580abfabd69e,0,shear2,3,2
5e7fe08b073e580abfabd69e,0,shear2,3,2
5e7fe08b073e580abfabd69e,0,rot1,1,3
5e7fe08b073e580abfabd69e,0,rot1,2,3
5e7fe08b073e580abfabd69e,1,rot2,4,4
5e7fe08b073e580abfabd69e,1,rot2,4,4
5e7fe08b073e580abfabd69e,1,shear1,3,3
5e7fe08b073e580abfabd69e,0,shear2,3,4
5e7fe08b073e580abfabd69e,0,shear2,4,3
5e7fe08b073e580abfabd69e,0,shear1,4,3
5e7fe08b073e580abfabd69e,0,rot2,2,3
5e7fe08b073e580abfabd69e,1,rot1,1,1
5e7fe08b073e580abfabd69e,0,base,2,3
5e7fe08b073e580abfabd69e,1,base,1,1
5e7fe08b073e580abfabd69e,1,rot2,3,3
5e7fe08b073e580abfabd69e,0,rot1,4,3
5e7fe08b073e580abfabd69e,0,rot1,2,3
5e7fe08b073e580abfabd69e,0,shear1,2,3
5e7fe08b073e580abfabd69e,1,rot2,1,1
5e7fe08b073e580abfabd69e,1,rot2,1,1
5e7fe08b073e580abfabd69e,1,base,3,3
5e7fe08b073e580abfabd69e,0,shear1,1,2
5e7fe08b073e580abfabd69e,0,rot1,4,3
5e7fe08b073e580abfabd69e,0,base,3,4
5e7fe08b073e580abfabd69e,0,rot1,3,4
5e7fe08b073e580abfabd69e,1,rot2,4,4
5e7fe08b073e580abfabd69e,1,shear1,4,4
5e7fe08b073e580abfabd69e,0,shear2,2,3
5e7fe08b073e580abfabd69e,0,shear2,2,3
5e7fe08b073e580abfabd69e,0,shear2,1,3
5e7fe08b073e580abfabd69e,1,shear1,3,3
5e7fe08b073e580abfabd69e,0,base,4,3
5e7fe08b073e580abfabd69e,1,base,2,2
5e7fe08b073e580abfabd69e,1,shear1,3,3
5e7fe08b073e580abfabd69e,1,shear1,2,2
5e7fe08b073e580abfabd69e,1,shear2,2,2
5e7fe08b073e580abfabd69e,0,rot2,4,3
5e7fe08b073e580abfabd69e,1,base,3,3
5e7fe08b073e580abfabd69e,1,rot1,2,2
5e7fe08b073e580abfabd69e,0,shear2,4,3
5e7fe08b073e580abfabd69e,1,rot1,3,3
5e7fe08b073e580abfabd69e,0,shear1,2,3
5e7fe08b073e580abfabd69e,0,shear2,1,2
5e7fe08b073e580abfabd69e,1,shear2,3,3
5e7fe08b073e580abfabd69e,0,shear1,1,2
5e7fe08b073e580abfabd69e,1,rot1,4,4
5e7fe08b073e580abfabd69e,1,shear1,3,3
5e7fe08b073e580abfabd69e,1,shear1,4,4
5e7fe08b073e580abfabd69e,0,shear1,1,2
5e7fe08b073e580abfabd69e,0,rot1,1,2
5e7fe08b073e580abfabd69e,0,shear2,1,2
5e7fe08b073e580abfabd69e,0,shear2,4,2
5e7fe08b073e580abfabd69e,0,rot1,2,3
5eaaba7e30d6b901782c0ec0,1,rot2,4,4
5eaaba7e30d6b901782c0ec0,0,shear2,1,2
5eaaba7e30d6b901782c0ec0,1,base,1,1
5eaaba7e30d6b901782c0ec0,0,shear2,1,3
5eaaba7e30d6b901782c0ec0,0,base,3,2
5eaaba7e30d6b901782c0ec0,1,base,4,4
5eaaba7e30d6b901782c0ec0,1,base,3,3
5eaaba7e30d6b901782c0ec0,1,rot1,3,3
5eaaba7e30d6b901782c0ec0,1,rot2,2,2
5eaaba7e30d6b901782c0ec0,0,shear1,4,3
5eaaba7e30d6b901782c0ec0,1,base,3,3
5eaaba7e30d6b901782c0ec0,0,shear2,1,4
5eaaba7e30d6b901782c0ec0,1,base,4,4
5eaaba7e30d6b901782c0ec0,1,rot1,2,2
5eaaba7e30d6b901782c0ec0,1,shear1,3,3
5eaaba7e30d6b901782c0ec0,1,rot2,2,2
5eaaba7e30d6b901782c0ec0,1,rot1,1,1
5eaaba7e30d6b901782c0ec0,1,rot2,2,2
5eaaba7e30d6b901782c0ec0,1,shear2,4,4
5eaaba7e30d6b901782c0ec0,1,shear1,2,2
5eaaba7e30d6b901782c0ec0,1,rot1,4,4
5eaaba7e30d6b901782c0ec0,1,shear1,4,4
5eaaba7e30d6b901782c0ec0,1,rot2,3,3
5eaaba7e30d6b901782c0ec0,1,rot2,2,2
5eaaba7e30d6b901782c0ec0,1,rot1,1,1
5eaaba7e30d6b901782c0ec0,1,shear2,3,3
5eaaba7e30d6b901782c0ec0,1,shear2,2,2
5eaaba7e30d6b901782c0ec0,1,rot1,4,4
5eaaba7e30d6b901782c0ec0,1,shear1,4,4
5eaaba7e30d6b901782c0ec0,1,shear1,1,1
5eaaba7e30d6b901782c0ec0,1,shear1,2,2
5eaaba7e30d6b901782c0ec0,1,shear2,1,1
5eaaba7e30d6b901782c0ec0,1,shear1,3,3
5eaaba7e30d6b901782c0ec0,1,rot2,1,1
5eaaba7e30d6b901782c0ec0,1,rot1,2,2
5eaaba7e30d6b901782c0ec0,1,rot1,2,2
5eaaba7e30d6b901782c0ec0,0,shear2,4,3
5eaaba7e30d6b901782c0ec0,1,base,3,3
5eaaba7e30d6b901782c0ec0,1,rot2,1,1
5eaaba7e30d6b901782c0ec0,1,shear1,3,3
5eaaba7e30d6b901782c0ec0,1,rot2,4,4
5eaaba7e30d6b901782c0ec0,1,shear1,3,3
5eaaba7e30d6b901782c0ec0,1,rot1,3,3
5eaaba7e30d6b901782c0ec0,1,shear2,3,3
5eaaba7e30d6b901782c0ec0,1,rot2,2,2
5eaaba7e30d6b901782c0ec0,1,base,2,2
5eaaba7e30d6b901782c0ec0,1,rot1,4,4
5eaaba7e30d6b901782c0ec0,1,shear2,3,3
5eaaba7e30d6b901782c0ec0,1,rot1,2,2
5eaaba7e30d6b901782c0ec0,1,rot1,3,3
5eaaba7e30d6b901782c0ec0,1,shear2,2,2
5eaaba7e30d6b901782c0ec0,1,base,1,1
5eaaba7e30d6b901782c0ec0,1,base,4,4
5eaaba7e30d6b901782c0ec0,1,shear1,1,1
5eaaba7e30d6b901782c0ec0,1,rot1,1,1
5eaaba7e30d6b901782c0ec0,1,shear1,2,2
5eaaba7e30d6b901782c0ec0,1,base,4,4
5eaaba7e30d6b901782c0ec0,1,base,1,1
5eaaba7e30d6b901782c0ec0,1,rot1,1,1
5eaaba7e30d6b901782c0ec0,1,shear2,4,4
5eaaba7e30d6b901782c0ec0,1,shear1,2,2
5eaaba7e30d6b901782c0ec0,1,rot2,3,3
5eaaba7e30d6b901782c0ec0,1,shear2,4,4
5eaaba7e30d6b901782c0ec0,1,rot2,3,3
5eaaba7e30d6b901782c0ec0,1,shear1,2,2
5eaaba7e30d6b901782c0ec0,1,rot1,4,4
5eaaba7e30d6b901782c0ec0,1,shear1,4,4
5eaaba7e30d6b901782c0ec0,1,rot2,1,1
5eaaba7e30d6b901782c0ec0,1,shear1,4,4
5eaaba7e30d6b901782c0ec0,1,rot1,3,3
5eaaba7e30d6b901782c0ec0,1,shear1,1,1
5eaaba7e30d6b901782c0ec0,1,base,2,2
5eaaba7e30d6b901782c0ec0,0,rot2,1,2
5eaaba7e30d6b901782c0ec0,1,shear1,3,3
5eaaba7e30d6b901782c0ec0,1,rot2,1,1
5eaaba7e30d6b901782c0ec0,0,shear2,2,1
5eaaba7e30d6b901782c0ec0,1,rot1,2,2
5eaaba7e30d6b901782c0ec0,1,shear2,1,1
5eaaba7e30d6b901782c0ec0,1,shear2,3,3
5eaaba7e30d6b901782c0ec0,1,rot2,4,4
5eaaba7e30d6b901782c0ec0,1,base,1,1
5eaaba7e30d6b901782c0ec0,1,base,2,2
5eaaba7e30d6b901782c0ec0,1,base,1,1
5eaaba7e30d6b901782c0ec0,1,rot2,3,3
5eaaba7e30d6b901782c0ec0,1,rot2,4,4
5eaaba7e30d6b901782c0ec0,1,base,2,2
5eaaba7e30d6b901782c0ec0,0,base,4,3
5eaaba7e30d6b901782c0ec0,1,base,2,2
5eaaba7e30d6b901782c0ec0,1,shear1,1,1
5eaaba7e30d6b901782c0ec0,1,rot1,3,3
5eaaba7e30d6b901782c0ec0,1,shear2,2,2
5eaaba7e30d6b901782c0ec0,1,shear2,4,4
5eaaba7e30d6b901782c0ec0,1,shear1,1,1
5eaaba7e30d6b901782c0ec0,1,base,3,3
5eaaba7e30d6b901782c0ec0,1,rot2,3,3
5eaaba7e30d6b901782c0ec0,1,shear2,2,2
5eaaba7e30d6b901782c0ec0,1,shear2,3,3
5eaaba7e30d6b901782c0ec0,1,rot2,4,4
5eaaba7e30d6b901782c0ec0,1,rot1,1,1
5eaaba7e30d6b901782c0ec0,1,rot1,4,4
5ec6dc260f6f6211b434e57c,0,shear2,3,2
5ec6dc260f6f6211b434e57c,1,base,4,4
5ec6dc260f6f6211b434e57c,1,base,1,1
5ec6dc260f6f6211b434e57c,1,base,2,2
5ec6dc260f6f6211b434e57c,1,rot1,3,3
5ec6dc260f6f6211b434e57c,1,rot1,3,3
5ec6dc260f6f6211b434e57c,1,rot1,4,4
5ec6dc260f6f6211b434e57c,1,rot2,4,4
5ec6dc260f6f6211b434e57c,0,base,2,3
5ec6dc260f6f6211b434e57c,0,shear2,2,3
5ec6dc260f6f6211b434e57c,0,shear2,2,3
5ec6dc260f6f6211b434e57c,1,base,4,4
5ec6dc260f6f6211b434e57c,1,base,2,2
5ec6dc260f6f6211b434e57c,1,rot1,1,1
5ec6dc260f6f6211b434e57c,0,shear1,4,3
5ec6dc260f6f6211b434e57c,1,base,3,3
5ec6dc260f6f6211b434e57c,1,base,3,3
5ec6dc260f6f6211b434e57c,1,rot2,1,1
5ec6dc260f6f6211b434e57c,1,shear2,1,1
5ec6dc260f6f6211b434e57c,1,base,1,1
5ec6dc260f6f6211b434e57c,1,rot2,4,4
5ec6dc260f6f6211b434e57c,0,rot1,4,3
5ec6dc260f6f6211b434e57c,0,rot1,2,3
5ec6dc260f6f6211b434e57c,0,shear1,3,2
5ec6dc260f6f6211b434e57c,0,shear2,4,2
5ec6dc260f6f6211b434e57c,1,rot2,3,3
5ec6dc260f6f6211b434e57c,1,base,4,4
5ec6dc260f6f6211b434e57c,0,base,3,4
5ec6dc260f6f6211b434e57c,0,rot2,2,3
5ec6dc260f6f6211b434e57c,0,rot1,2,3
5ec6dc260f6f6211b434e57c,0,shear1,1,2
5ec6dc260f6f6211b434e57c,1,rot2,2,2
5ec6dc260f6f6211b434e57c,1,shear1,3,3
5ec6dc260f6f6211b434e57c,1,rot1,1,1
5ec6dc260f6f6211b434e57c,0,rot2,3,2
5ec6dc260f6f6211b434e57c,0,shear2,4,3
5ec6dc260f6f6211b434e57c,0,shear2,1,2
5ec6dc260f6f6211b434e57c,1,shear1,2,2
5ec6dc260f6f6211b434e57c,1,base,1,1
5ec6dc260f6f6211b434e57c,1,rot2,1,1
5ec6dc260f6f6211b434e57c,1,shear1,1,1
5ec6dc260f6f6211b434e57c,0,shear1,4,2
5ec6dc260f6f6211b434e57c,1,shear2,1,1
5ec6dc260f6f6211b434e57c,0,rot1,4,3
5ec6dc260f6f6211b434e57c,0,shear1,2,3
5ec6dc260f6f6211b434e57c,1,rot2,1,1
5ec6dc260f6f6211b434e57c,1,rot1,4,4
5ec6dc260f6f6211b434e57c,0,shear1,3,2
5ec6dc260f6f6211b434e57c,1,rot2,2,2
5ec6dc260f6f6211b434e57c,1,shear1,1,1
5ec6dc260f6f6211b434e57c,1,rot2,2,2
5ec6dc260f6f6211b434e57c,0,shear1,2,1
5ec6dc260f6f6211b434e57c,1,shear2,2,2
5ec6dc260f6f6211b434e57c,1,rot1,1,1
5ec6dc260f6f6211b434e57c,1,rot2,3,3
5ec6dc260f6f6211b434e57c,0,shear1,3,2
5ec6dc260f6f6211b434e57c,1,rot1,3,3
5ec6dc260f6f6211b434e57c,1,rot1,3,3
5ec6dc260f6f6211b434e57c,0,shear1,4,2
5ec6dc260f6f6211b434e57c,0,rot1,4,3
5ec6dc260f6f6211b434e57c,1,shear1,1,1
5ec6dc260f6f6211b434e57c,0,rot2,4,3
5ec6dc260f6f6211b434e57c,1,rot1,1,1
5ec6dc260f6f6211b434e57c,0,shear2,3,2
5ec6dc260f6f6211b434e57c,1,rot2,4,4
5ec6dc260f6f6211b434e57c,1,base,3,3
5ec6dc260f6f6211b434e57c,0,shear2,3,2
5ec6dc260f6f6211b434e57c,1,shear1,2,2
5ec6dc260f6f6211b434e57c,1,rot2,1,1
5ec6dc260f6f6211b434e57c,1,rot1,2,2
5ec6dc260f6f6211b434e57c,0,base,4,3
5ec6dc260f6f6211b434e57c,1,rot2,3,3
5ec6dc260f6f6211b434e57c,1,base,2,2
5ec6dc260f6f6211b434e57c,1,base,1,1
5ec6dc260f6f6211b434e57c,1,rot1,1,1
5ec6dc260f6f6211b434e57c,0,shear1,4,2
5ec6dc260f6f6211b434e57c,1,rot2,2,2
5ec6dc260f6f6211b434e57c,0,shear2,4,3
5ec6dc260f6f6211b434e57c,1,shear2,2,2
5ec6dc260f6f6211b434e57c,1,base,3,3
5ec6dc260f6f6211b434e57c,1,rot2,1,1
5ec6dc260f6f6211b434e57c,1,base,4,4
5ec6dc260f6f6211b434e57c,1,rot2,4,4
5ec6dc260f6f6211b434e57c,0,base,2,3
5ec6dc260f6f6211b434e57c,1,shear2,2,2
5ec6dc260f6f6211b434e57c,1,shear1,2,2
5ec6dc260f6f6211b434e57c,1,shear2,1,1
5ec6dc260f6f6211b434e57c,1,rot2,3,3
5ec6dc260f6f6211b434e57c,0,shear2,3,2
5ec6dc260f6f6211b434e57c,1,rot1,2,2
5ec6dc260f6f6211b434e57c,0,shear2,4,3
5ec6dc260f6f6211b434e57c,0,shear1,4,3
5ec6dc260f6f6211b434e57c,1,base,1,1
5ec6dc260f6f6211b434e57c,1,rot1,2,2
5ec6dc260f6f6211b434e57c,1,shear1,3,3
5ec6dc260f6f6211b434e57c,0,shear2,4,2
5ec6dc260f6f6211b434e57c,1,shear2,1,1
5ec6dc260f6f6211b434e57c,1,rot1,3,3
5ec6dc260f6f6211b434e57c,0,shear2,3,2
5ec6dc260f6f6211b434e57c,1,shear1,1,1
5ee8707482a6e41683c499fc,0,shear2,1,2
5ee8707482a6e41683c499fc,1,base,2,2
5ee8707482a6e41683c499fc,1,base,4,4
5ee8707482a6e41683c499fc,0,rot1,1,2
5ee8707482a6e41683c499fc,0,shear2,4,3
5ee8707482a6e41683c499fc,0,rot1,1,2
5ee8707482a6e41683c499fc,1,shear2,2,2
5ee8707482a6e41683c499fc,0,rot2,3,2
5ee8707482a6e41683c499fc,1,rot1,3,3
5ee8707482a6e41683c499fc,1,rot1,2,2
5ee8707482a6e41683c499fc,1,rot2,4,4
5ee8707482a6e41683c499fc,0,rot2,1,2
5ee8707482a6e41683c499fc,0,rot1,4,3
5ee8707482a6e41683c499fc,1,rot2,2,2
5ee8707482a6e41683c499fc,0,base,3,2
5ee8707482a6e41683c499fc,0,rot2,3,2
5ee8707482a6e41683c499fc,0,shear1,4,2
5ee8707482a6e41683c499fc,1,rot1,2,2
5ee8707482a6e41683c499fc,0,shear1,3,2
5ee8707482a6e41683c499fc,1,rot1,1,1
5ee8707482a6e41683c499fc,0,shear2,3,2
5ee8707482a6e41683c499fc,1,rot1,2,2
5ee8707482a6e41683c499fc,0,base,3,2
5ee8707482a6e41683c499fc,0,shear2,1,2
5ee8707482a6e41683c499fc,0,rot1,3,2
5ee8707482a6e41683c499fc,0,rot1,4,3
5ee8707482a6e41683c499fc,0,shear1,2,3
5ee8707482a6e41683c499fc,1,base,2,2
5ee8707482a6e41683c499fc,1,shear1,2,2
5ee8707482a6e41683c499fc,1,base,1,1
5ee8707482a6e41683c499fc,0,rot2,4,3
5ee8707482a6e41683c499fc,0,shear1,3,2
5ee8707482a6e41683c499fc,1,base,2,2
5ee8707482a6e41683c499fc,0,shear1,4,2
5ee8707482a6e41683c499fc,0,rot2,4,3
5ee8707482a6e41683c499fc,0,shear1,1,3
5ee8707482a6e41683c499fc,0,shear1,1,2
5ee8707482a6e41683c499fc,0,base,4,2
5ee8707482a6e41683c499fc,1,base,3,3
5ee8707482a6e41683c499fc,1,rot2,1,1
5ee8707482a6e41683c499fc,1,rot1,2,2
5ee8707482a6e41683c499fc,0,shear2,3,2
5ee8707482a6e41683c499fc,1,base,1,1
5ee8707482a6e41683c499fc,0,shear2,3,2
5ee8707482a6e41683c499fc,0,base,4,3
5ee8707482a6e41683c499fc,1,rot2,2,2
5ee8707482a6e41683c499fc,0,shear2,3,2
5ee8707482a6e41683c499fc,0,shear1,4,3
5ee8707482a6e41683c499fc,0,rot1,3,2
5ee8707482a6e41683c499fc,0,shear2,4,2
5ee8707482a6e41683c499fc,1,base,1,1
5ee8707482a6e41683c499fc,1,base,4,4
5ee8707482a6e41683c499fc,0,shear1,3,2
5ee8707482a6e41683c499fc,0,shear2,4,2
5ee8707482a6e41683c499fc,1,rot1,1,1
5ee8707482a6e41683c499fc,1,shear2,2,2
5ee8707482a6e41683c499fc,1,rot2,2,2
5ee8707482a6e41683c499fc,1,base,2,2
5ee8707482a6e41683c499fc,0,base,1,2
5ee8707482a6e41683c499fc,1,shear2,1,1
5ee8707482a6e41683c499fc,0,base,3,2
5ee8707482a6e41683c499fc,0,rot2,4,3
5ee8707482a6e41683c499fc,1,rot2,1,1
5ee8707482a6e41683c499fc,0,rot1,3,2
5ee8707482a6e41683c499fc,0,rot2,3,2
5ee8707482a6e41683c499fc,0,shear1,2,3
5ee8707482a6e41683c499fc,0,rot1,4,2
5ee8707482a6e41683c499fc,0,base,1,2
5ee8707482a6e41683c499fc,0,shear2,4,2
5ee8707482a6e41683c499fc,0,shear2,3,2
5ee8707482a6e41683c499fc,0,shear2,2,3
5ee8707482a6e41683c499fc,0,shear2,2,3
5ee8707482a6e41683c499fc,1,shear2,2,2
5ee8707482a6e41683c499fc,0,rot2,3,2
5ee8707482a6e41683c499fc,0,shear1,4,3
5ee8707482a6e41683c499fc,1,rot2,4,4
5ee8707482a6e41683c499fc,0,shear2,1,3
5ee8707482a6e41683c499fc,0,shear2,1,3
5ee8707482a6e41683c499fc,0,shear1,1,2
5ee8707482a6e41683c499fc,1,shear1,2,2
5ee8707482a6e41683c499fc,0,shear1,4,3
5ee8707482a6e41683c499fc,1,rot2,2,2
5ee8707482a6e41683c499fc,1,rot1,2,2
5ee8707482a6e41683c499fc,1,rot2,1,1
5ee8707482a6e41683c499fc,0,base,4,2
5ee8707482a6e41683c499fc,0,shear1,3,2
5ee8707482a6e41683c499fc,1,shear1,1,1
5ee8707482a6e41683c499fc,0,shear1,1,2
5ee8707482a6e41683c499fc,0,rot2,3,2
5ee8707482a6e41683c499fc,0,rot1,4,2
5ee8707482a6e41683c499fc,1,rot1,4,4
5ee8707482a6e41683c499fc,1,rot2,2,2
5ee8707482a6e41683c499fc,0,shear2,4,3
5ee8707482a6e41683c499fc,1,base,2,2
5ee8707482a6e41683c499fc,0,base,3,2
5ee8707482a6e41683c499fc,0,rot1,1,2
5ee8707482a6e41683c499fc,0,rot1,3,2
5ee8707482a6e41683c499fc,1,shear1,2,2
5ee8707482a6e41683c499fc,0,shear1,3,2
5ee8707482a6e41683c499fc,1,rot2,1,1
5ee908b508d60f2724e67932,1,base,1,1
5ee908b508d60f2724e67932,0,shear2,1,2
5ee908b508d60f2724e67932,0,rot1,2,3
5ee908b508d60f2724e67932,0,shear2,1,3
5ee908b508d60f2724e67932,1,rot1,1,1
5ee908b508d60f2724e67932,1,shear1,2,2
5ee908b508d60f2724e67932,1,rot2,3,3
5ee908b508d60f2724e67932,0,rot1,4,2
5ee908b508d60f2724e67932,0,base,3,2
5ee908b508d60f2724e67932,0,shear2,2,3
5ee908b508d60f2724e67932,1,shear1,2,2
5ee908b508d60f2724e67932,1,rot1,4,4
5ee908b508d60f2724e67932,1,shear1,4,4
5ee908b508d60f2724e67932,1,shear1,1,1
5ee908b508d60f2724e67932,0,rot1,3,2
5ee908b508d60f2724e67932,1,base,2,2
5ee908b508d60f2724e67932,1,rot1,4,4
5ee908b508d60f2724e67932,1,rot1,3,3
5ee908b508d60f2724e67932,1,base,4,4
5ee908b508d60f2724e67932,0,rot2,3,4
5ee908b508d60f2724e67932,0,shear2,4,2
5ee908b508d60f2724e67932,1,rot1,1,1
5ee908b508d60f2724e67932,1,shear1,2,2
5ee908b508d60f2724e67932,1,rot1,1,1
5ee908b508d60f2724e67932,0,rot1,3,4
5ee908b508d60f2724e67932,0,shear1,4,3
5ee908b508d60f2724e67932,1,shear2,1,1
5ee908b508d60f2724e67932,1,shear2,2,2
5ee908b508d60f2724e67932,0,shear2,4,2
5ee908b508d60f2724e67932,0,rot1,2,1
5ee908b508d60f2724e67932,1,rot2,1,1
5ee908b508d60f2724e67932,1,rot2,1,1
5ee908b508d60f2724e67932,1,rot2,4,4
5ee908b508d60f2724e67932,0,shear2,2,3
5ee908b508d60f2724e67932,1,shear1,3,3
5ee908b508d60f2724e67932,1,shear2,3,3
5ee908b508d60f2724e67932,1,rot2,4,4
5ee908b508d60f2724e67932,0,rot2,2,1
5ee908b508d60f2724e67932,0,shear1,3,2
5ee908b508d60f2724e67932,0,shear1,3,2
5ee908b508d60f2724e67932,1,rot1,2,2
5ee908b508d60f2724e67932,1,rot2,2,2
5ee908b508d60f2724e67932,1,rot1,1,1
5ee908b508d60f2724e67932,1,base,1,1
5ee908b508d60f2724e67932,1,rot2,2,2
5ee908b508d60f2724e67932,0,shear2,4,3
5ee908b508d60f2724e67932,0,shear1,4,3
5ee908b508d60f2724e67932,1,shear2,1,1
5ee908b508d60f2724e67932,0,rot1,3,4
5ee908b508d60f2724e67932,1,rot2,4,4
5ee908b508d60f2724e67932,0,rot2,3,4
5ee908b508d60f2724e67932,1,rot1,4,4
5ee908b508d60f2724e67932,0,base,2,1
5ee908b508d60f2724e67932,1,shear1,3,3
5ee908b508d60f2724e67932,1,base,3,3
5ee908b508d60f2724e67932,0,base,2,1
5ee908b508d60f2724e67932,1,rot2,1,1
5ee908b508d60f2724e67932,1,base,4,4
5ee908b508d60f2724e67932,1,shear1,1,1
5ee908b508d60f2724e67932,1,rot1,3,3
5ee908b508d60f2724e67932,1,shear1,1,1
5ee908b508d60f2724e67932,0,base,4,3
5ee908b508d60f2724e67932,0,shear2,3,2
5ee908b508d60f2724e67932,0,shear2,4,2
5ee908b508d60f2724e67932,1,rot2,1,1
5ee908b508d60f2724e67932,1,shear2,2,2
5ee908b508d60f2724e67932,0,shear1,2,3
5ee908b508d60f2724e67932,0,rot1,2,4
5ee908b508d60f2724e67932,0,base,3,4
5ee908b508d60f2724e67932,0,shear1,3,2
5ee908b508d60f2724e67932,1,base,1,1
5ee908b508d60f2724e67932,0,shear2,4,2
5ee908b508d60f2724e67932,0,shear2,3,2
5ee908b508d60f2724e67932,1,base,1,1
5ee908b508d60f2724e67932,0,rot2,2,1
5ee908b508d60f2724e67932,0,shear1,4,3
5ee908b508d60f2724e67932,1,rot2,4,4
5ee908b508d60f2724e67932,0,base,2,1
5ee908b508d60f2724e67932,0,shear2,1,2
5ee908b508d60f2724e67932,0,rot2,3,1
5ee908b508d60f2724e67932,1,base,3,3
5ee908b508d60f2724e67932,1,shear2,3,3
5ee908b508d60f2724e67932,0,shear2,2,3
5ee908b508d60f2724e67932,1,rot1,4,4
5ee908b508d60f2724e67932,1,rot2,4,4
5ee908b508d60f2724e67932,0,rot2,2,1
5ee908b508d60f2724e67932,1,shear1,1,1
5ee908b508d60f2724e67932,0,base,4,2
5ee908b508d60f2724e67932,0,shear2,3,2
5ee908b508d60f2724e67932,0,base,2,1
5ee908b508d60f2724e67932,0,base,4,1
5ee908b508d60f2724e67932,0,rot1,2,1
5ee908b508d60f2724e67932,1,rot2,1,1
5ee908b508d60f2724e67932,0,rot2,3,1
5ee908b508d60f2724e67932,1,rot1,1,1
5ee908b508d60f2724e67932,1,shear1,2,2
5ee908b508d60f2724e67932,1,shear1,1,1
5ee908b508d60f2724e67932,0,shear1,4,2
5ee908b508d60f2724e67932,1,base,1,1
5ee908b508d60f2724e67932,0,base,3,2
5f0dd043b221e201edcc92ee,1,base,2,2
5f0dd043b221e201edcc92ee,0,shear2,2,1
5f0dd043b221e201edcc92ee,0,base,3,2
5f0dd043b221e201edcc92ee,1,rot2,2,2
5f0dd043b221e201edcc92ee,0,base,4,3
5f0dd043b221e201edcc92ee,0,shear2,1,3
5f0dd043b221e201edcc92ee,0,shear2,3,1
5f0dd043b221e201edcc92ee,0,rot1,1,2
5f0dd043b221e201edcc92ee,1,base,1,1
5f0dd043b221e201edcc92ee,0,base,4,3
5f0dd043b221e201edcc92ee,0,rot2,3,2
5f0dd043b221e201edcc92ee,0,rot1,4,2
5f0dd043b221e201edcc92ee,0,shear1,2,1
5f0dd043b221e201edcc92ee,0,shear2,2,1
5f0dd043b221e201edcc92ee,0,base,3,2
5f0dd043b221e201edcc92ee,0,shear1,4,1
5f0dd043b221e201edcc92ee,0,rot1,1,3
5f0dd043b221e201edcc92ee,0,shear2,3,1
5f0dd043b221e201edcc92ee,0,rot1,1,2
5f0dd043b221e201edcc92ee,0,shear2,4,1
5f0dd043b221e201edcc92ee,0,shear2,4,1
5f0dd043b221e201edcc92ee,0,shear2,4,1
5f0dd043b221e201edcc92ee,0,rot2,1,2
5f0dd043b221e201edcc92ee,1,rot1,3,3
5f0dd043b221e201edcc92ee,0,shear1,2,3
5f0dd043b221e201edcc92ee,0,shear1,2,3
5f0dd043b221e201edcc92ee,1,rot1,3,3
5f0dd043b221e201edcc92ee,0,shear1,2,3
5f0dd043b221e201edcc92ee,0,shear2,4,1
5f0dd043b221e201edcc92ee,1,base,2,2
5f0dd043b221e201edcc92ee,1,rot2,2,2
5f0dd043b221e201edcc92ee,0,shear2,1,4
5f0dd043b221e201edcc92ee,0,base,3,2
5f0dd043b221e201edcc92ee,0,shear2,3,1
5f0dd043b221e201edcc92ee,0,shear2,3,1
5f0dd043b221e201edcc92ee,0,rot1,1,2
5f0dd043b221e201edcc92ee,0,shear2,1,4
5f0dd043b221e201edcc92ee,0,rot2,4,3
5f0dd043b221e201edcc92ee,0,shear1,4,1
5f0dd043b221e201edcc92ee,0,shear1,1,3
5f0dd043b221e201edcc92ee,0,base,1,3
5f0dd043b221e201edcc92ee,1,rot1,2,2
5f0dd043b221e201edcc92ee,0,shear1,4,1
5f0dd043b221e201edcc92ee,0,rot2,1,2
5f0dd043b221e201edcc92ee,1,rot2,4,4
5f0dd043b221e201edcc92ee,0,base,4,2
5f0dd043b221e201edcc92ee,0,shear1,1,4
5f0dd043b221e201edcc92ee,1,shear1,3,3
5f0dd043b221e201edcc92ee,1,shear1,3,3
5f0dd043b221e201edcc92ee,0,rot1,3,2
5f0dd043b221e201edcc92ee,0,rot1,3,2
5f0dd043b221e201edcc92ee,0,rot1,4,1
5f0dd043b221e201edcc92ee,0,base,1,4
5f0dd043b221e201edcc92ee,0,base,2,3
5f0dd043b221e201edcc92ee,1,rot1,2,2
5f0dd043b221e201edcc92ee,0,rot2,3,2
5f0dd043b221e201edcc92ee,0,shear1,1,4
5f0dd043b221e201edcc92ee,1,base,2,2
5f0dd043b221e201edcc92ee,0,base,2,3
5f0dd043b221e201edcc92ee,1,base,4,4
5f0dd043b221e201edcc92ee,0,shear2,2,4
5f0dd043b221e201edcc92ee,0,shear2,2,4
5f0dd043b221e201edcc92ee,1,rot1,2,2
5f0dd043b221e201edcc92ee,0,base,3,4
5f0dd043b221e201edcc92ee,0,shear1,3,1
5f0dd043b221e201edcc92ee,0,rot2,1,2
5f0dd043b221e201edcc92ee,1,rot1,4,4
5f0dd043b221e201edcc92ee,0,shear2,3,1
5f0dd043b221e201edcc92ee,0,shear1,4,1
5f0dd043b221e201edcc92ee,0,shear2,1,3
5f0dd043b221e201edcc92ee,0,base,4,2
5f0dd043b221e201edcc92ee,1,shear1,1,1
5f0dd043b221e201edcc92ee,1,rot2,2,2
5f0dd043b221e201edcc92ee,0,rot2,1,2
5f0dd043b221e201edcc92ee,0,shear2,4,1
5f0dd043b221e201edcc92ee,0,rot2,3,2
5f0dd043b221e201edcc92ee,0,base,1,2
5f0dd043b221e201edcc92ee,1,rot2,2,2
5f0dd043b221e201edcc92ee,1,shear1,3,3
5f0dd043b221e201edcc92ee,0,rot2,4,3
5f0dd043b221e201edcc92ee,1,rot1,2,2
5f0dd043b221e201edcc92ee,1,rot1,4,4
5f0dd043b221e201edcc92ee,0,rot1,1,4
5f0dd043b221e201edcc92ee,0,base,1,4
5f0dd043b221e201edcc92ee,0,rot2,3,2
5f0dd043b221e201edcc92ee,1,rot1,2,2
5f0dd043b221e201edcc92ee,0,rot1,3,2
5f0dd043b221e201edcc92ee,1,shear1,4,4
5f0dd043b221e201edcc92ee,0,base,3,2
5f0dd043b221e201edcc92ee,0,shear1,3,4
5f0dd043b221e201edcc92ee,0,shear1,1,3
5f0dd043b221e201edcc92ee,1,rot2,2,2
5f0dd043b221e201edcc92ee,0,shear2,1,4
5f0dd043b221e201edcc92ee,0,rot1,4,2
5f0dd043b221e201edcc92ee,0,shear2,2,1
5f0dd043b221e201edcc92ee,0,rot2,4,3
5f0dd043b221e201edcc92ee,0,rot2,4,3
5f0dd043b221e201edcc92ee,1,rot2,3,3
5f0dd043b221e201edcc92ee,0,rot2,1,2
5f0dd043b221e201edcc92ee,0,shear1,2,4
5f8d88be68198208a829cd5f,1,shear1,4,4
5f8d88be68198208a829cd5f,0,shear1,1,4
5f8d88be68198208a829cd5f,0,base,4,3
5f8d88be68198208a829cd5f,0,shear1,1,4
5f8d88be68198208a829cd5f,0,base,2,3
5f8d88be68198208a829cd5f,0,shear1,3,4
5f8d88be68198208a829cd5f,0,rot2,1,2
5f8d88be68198208a829cd5f,0,rot1,3,4
5f8d88be68198208a829cd5f,1,shear1,2,2
5f8d88be68198208a829cd5f,1,base,1,1
5f8d88be68198208a829cd5f,1,base,3,3
5f8d88be68198208a829cd5f,1,rot2,2,2
5f8d88be68198208a829cd5f,0,rot2,3,2
5f8d88be68198208a829cd5f,0,rot2,2,3
5f8d88be68198208a829cd5f,1,rot2,4,4
5f8d88be68198208a829cd5f,0,rot1,4,2
5f8d88be68198208a829cd5f,0,shear2,2,4
5f8d88be68198208a829cd5f,1,base,1,1
5f8d88be68198208a829cd5f,0,rot2,4,3
5f8d88be68198208a829cd5f,0,shear1,3,2
5f8d88be68198208a829cd5f,0,rot1,4,3
5f8d88be68198208a829cd5f,1,rot1,2,2
5f8d88be68198208a829cd5f,0,rot1,4,2
5f8d88be68198208a829cd5f,0,base,4,2
5f8d88be68198208a829cd5f,0,shear2,3,1
5f8d88be68198208a829cd5f,1,rot1,1,1
5f8d88be68198208a829cd5f,1,rot1,1,1
5f8d88be68198208a829cd5f,0,shear2,4,2
5f8d88be68198208a829cd5f,0,rot2,1,2
5f8d88be68198208a829cd5f,0,base,1,2
5f8d88be68198208a829cd5f,1,rot2,3,3
5f8d88be68198208a829cd5f,1,rot1,3,3
5f8d88be68198208a829cd5f,1,shear2,3,3
5f8d88be68198208a829cd5f,0,shear1,2,3
5f8d88be68198208a829cd5f,0,shear2,2,3
5f8d88be68198208a829cd5f,0,rot1,2,3
5f8d88be68198208a829cd5f,0,rot2,4,3
5f8d88be68198208a829cd5f,1,rot2,2,2
5f8d88be68198208a829cd5f,0,rot2,3,2
5f8d88be68198208a829cd5f,0,shear1,1,3
5f8d88be68198208a829cd5f,0,shear1,2,3
5f8d88be68198208a829cd5f,1,shear1,4,4
5f8d88be68198208a829cd5f,0,shear2,3,4
5f8d88be68198208a829cd5f,0,shear1,1,4
5f8d88be68198208a829cd5f,0,shear2,4,3
5f8d88be68198208a829cd5f,1,rot1,2,2
5f8d88be68198208a829cd5f,1,base,2,2
5f8d88be68198208a829cd5f,0,rot1,1,2
5f8d88be68198208a829cd5f,0,shear2,1,2
5f8d88be68198208a829cd5f,1,base,1,1
5f8d88be68198208a829cd5f,1,rot1,1,1
5f8d88be68198208a829cd5f,1,base,3,3
5f8d88be68198208a829cd5f,0,base,3,2
5f8d88be68198208a829cd5f,0,rot1,4,2
5f8d88be68198208a829cd5f,1,rot2,2,2
5f8d88be68198208a829cd5f,0,base,4,3
5f8d88be68198208a829cd5f,0,shear2,4,3
5f8d88be68198208a829cd5f,1,rot2,3,3
5f8d88be68198208a829cd5f,1,rot2,3,3
5f8d88be68198208a829cd5f,0,rot1,2,3
5f8d88be68198208a829cd5f,0,base,1,4
5f8d88be68198208a829cd5f,1,shear2,3,3
5f8d88be68198208a829cd5f,1,shear1,3,3
5f8d88be68198208a829cd5f,1,base,3,3
5f8d88be68198208a829cd5f,0,base,2,3
5f8d88be68198208a829cd5f,1,base,3,3
5f8d88be68198208a829cd5f,0,rot2,1,2
5f8d88be68198208a829cd5f,0,rot1,1,2
5f8d88be68198208a829cd5f,1,base,4,4
5f8d88be68198208a829cd5f,0,base,2,3
5f8d88be68198208a829cd5f,1,shear2,1,1
5f8d88be68198208a829cd5f,0,rot2,4,3
5f8d88be68198208a829cd5f,1,shear1,3,3
5f8d88be68198208a829cd5f,1,shear1,2,2
5f8d88be68198208a829cd5f,1,shear2,2,2
5f8d88be68198208a829cd5f,0,shear1,4,3
5f8d88be68198208a829cd5f,0,rot1,4,3
5f8d88be68198208a829cd5f,0,shear2,1,2
5f8d88be68198208a829cd5f,0,shear1,4,3
5f8d88be68198208a829cd5f,0,shear2,2,3
5f8d88be68198208a829cd5f,0,shear1,1,2
5f8d88be68198208a829cd5f,0,rot2,4,3
5f8d88be68198208a829cd5f,0,shear2,4,3
5f8d88be68198208a829cd5f,0,shear2,4,3
5f8d88be68198208a829cd5f,1,rot1,3,3
5f8d88be68198208a829cd5f,1,rot2,2,2
5f8d88be68198208a829cd5f,0,rot2,1,2
5f8d88be68198208a829cd5f,0,shear1,4,3
5f8d88be68198208a829cd5f,1,shear2,1,1
5f8d88be68198208a829cd5f,0,base,4,3
5f8d88be68198208a829cd5f,0,rot1,3,2
5f8d88be68198208a829cd5f,0,shear1,3,2
5f8d88be68198208a829cd5f,0,shear2,3,2
5f8d88be68198208a829cd5f,1,rot1,3,3
5f8d88be68198208a829cd5f,0,shear1,2,3
5f8d88be68198208a829cd5f,1,base,2,2
5f8d88be68198208a829cd5f,1,rot1,2,2
5f8d88be68198208a829cd5f,1,shear2,1,1
5f8d88be68198208a829cd5f,1,rot2,1,1
5f8d88be68198208a829cd5f,1,shear2,2,2
5f900c48e6dadf0401d0c6e2,1,rot1,1,1
5f900c48e6dadf0401d0c6e2,0,shear2,1,2
5f900c48e6dadf0401d0c6e2,1,shear1,4,4
5f900c48e6dadf0401d0c6e2,0,rot2,2,3
5f900c48e6dadf0401d0c6e2,0,shear2,2,3
5f900c48e6dadf0401d0c6e2,1,base,3,3
5f900c48e6dadf0401d0c6e2,1,rot2,2,2
5f900c48e6dadf0401d0c6e2,1,rot1,3,3
5f900c48e6dadf0401d0c6e2,0,base,3,2
5f900c48e6dadf0401d0c6e2,1,shear2,3,3
5f900c48e6dadf0401d0c6e2,0,shear2,2,3
5f900c48e6dadf0401d0c6e2,0,shear2,1,2
5f900c48e6dadf0401d0c6e2,1,shear2,4,4
5f900c48e6dadf0401d0c6e2,1,rot1,2,2
5f900c48e6dadf0401d0c6e2,1,rot2,4,4
5f900c48e6dadf0401d0c6e2,1,base,4,4
5f900c48e6dadf0401d0c6e2,1,shear1,1,1
5f900c48e6dadf0401d0c6e2,0,rot2,3,2
5f900c48e6dadf0401d0c6e2,1,rot1,1,1
5f900c48e6dadf0401d0c6e2,1,rot2,4,4
5f900c48e6dadf0401d0c6e2,0,shear1,1,2
5f900c48e6dadf0401d0c6e2,1,base,4,4
5f900c48e6dadf0401d0c6e2,1,shear1,3,3
5f900c48e6dadf0401d0c6e2,1,rot1,3,3
5f900c48e6dadf0401d0c6e2,0,shear2,3,4
5f900c48e6dadf0401d0c6e2,1,rot2,2,2
5f900c48e6dadf0401d0c6e2,0,shear2,2,3
5f900c48e6dadf0401d0c6e2,1,rot2,1,1
5f900c48e6dadf0401d0c6e2,1,shear2,3,3
5f900c48e6dadf0401d0c6e2,1,rot2,1,1
5f900c48e6dadf0401d0c6e2,1,rot1,4,4
5f900c48e6dadf0401d0c6e2,1,shear1,2,2
5f900c48e6dadf0401d0c6e2,1,rot1,2,2
5f900c48e6dadf0401d0c6e2,1,rot1,4,4
5f900c48e6dadf0401d0c6e2,1,shear1,4,4
5f900c48e6dadf0401d0c6e2,1,base,4,4
5f900c48e6dadf0401d0c6e2,1,shear1,3,3
5f900c48e6dadf0401d0c6e2,1,rot2,1,1
5f900c48e6dadf0401d0c6e2,1,rot1,1,1
5f900c48e6dadf0401d0c6e2,1,rot2,2,2
5f900c48e6dadf0401d0c6e2,1,base,1,1
5f900c48e6dadf0401d0c6e2,1,base,1,1
5f900c48e6dadf0401d0c6e2,1,rot1,4,4
5f900c48e6dadf0401d0c6e2,1,shear1,2,2
5f900c48e6dadf0401d0c6e2,1,shear1,1,1
5f900c48e6dadf0401d0c6e2,1,shear2,1,1
5f900c48e6dadf0401d0c6e2,1,shear1,3,3
5f900c48e6dadf0401d0c6e2,1,base,4,4
5f900c48e6dadf0401d0c6e2,1,shear2,4,4
5f900c48e6dadf0401d0c6e2,1,base,2,2
5f900c48e6dadf0401d0c6e2,1,shear2,3,3
5f900c48e6dadf0401d0c6e2,0,shear1,4,3
5f900c48e6dadf0401d0c6e2,1,rot1,4,4
5f900c48e6dadf0401d0c6e2,1,shear1,2,2
5f900c48e6dadf0401d0c6e2,1,shear1,2,2
5f900c48e6dadf0401d0c6e2,1,base,3,3
5f900c48e6dadf0401d0c6e2,1,rot2,1,1
5f900c48e6dadf0401d0c6e2,0,rot2,3,2
5f900c48e6dadf0401d0c6e2,1,shear2,2,2
5f900c48e6dadf0401d0c6e2,1,rot1,3,3
5f900c48e6dadf0401d0c6e2,1,base,3,3
5f900c48e6dadf0401d0c6e2,1,rot1,2,2
5f900c48e6dadf0401d0c6e2,0,shear2,4,3
5f900c48e6dadf0401d0c6e2,1,base,2,2
5f900c48e6dadf0401d0c6e2,1,base,3,3
5f900c48e6dadf0401d0c6e2,1,rot2,3,3
5f900c48e6dadf0401d0c6e2,0,shear2,4,3
5f900c48e6dadf0401d0c6e2,1,shear2,1,1
5f900c48e6dadf0401d0c6e2,1,shear1,2,2
5f900c48e6dadf0401d0c6e2,1,rot2,2,2
5f900c48e6dadf0401d0c6e2,1,base,1,1
5f900c48e6dadf0401d0c6e2,1,rot2,1,1
5f900c48e6dadf0401d0c6e2,0,shear1,3,2
5f900c48e6dadf0401d0c6e2,0,shear1,3,2
5f900c48e6dadf0401d0c6e2,1,rot1,1,1
5f900c48e6dadf0401d0c6e2,0,shear1,4,3
5f900c48e6dadf0401d0c6e2,1,shear1,1,1
5f900c48e6dadf0401d0c6e2,0,shear2,4,3
5f900c48e6dadf0401d0c6e2,1,rot1,2,2
5f900c48e6dadf0401d0c6e2,0,rot2,4,3
5f900c48e6dadf0401d0c6e2,1,shear2,2,2
5f900c48e6dadf0401d0c6e2,1,base,1,1
5f900c48e6dadf0401d0c6e2,1,base,1,1
5f900c48e6dadf0401d0c6e2,0,rot2,4,3
5f900c48e6dadf0401d0c6e2,1,shear1,4,4
5f900c48e6dadf0401d0c6e2,1,rot1,2,2
5f900c48e6dadf0401d0c6e2,1,rot2,3,3
5f900c48e6dadf0401d0c6e2,1,rot1,4,4
5f900c48e6dadf0401d0c6e2,1,rot2,3,3
5f900c48e6dadf0401d0c6e2,1,base,2,2
5f900c48e6dadf0401d0c6e2,1,base,2,2
5f900c48e6dadf0401d0c6e2,1,shear1,1,1
5f900c48e6dadf0401d0c6e2,1,rot1,1,1
5f900c48e6dadf0401d0c6e2,1,base,4,4
5f900c48e6dadf0401d0c6e2,1,shear2,3,3
5f900c48e6dadf0401d0c6e2,1,rot2,4,4
5f900c48e6dadf0401d0c6e2,0,shear2,1,2
5f900c48e6dadf0401d0c6e2,1,rot1,3,3
5f900c48e6dadf0401d0c6e2,1,base,2,2
5f900c48e6dadf0401d0c6e2,1,rot1,3,3
5ff20cdfa4feb069a2164a6d,1,base,2,2
5ff20cdfa4feb069a2164a6d,0,shear2,4,3
5ff20cdfa4feb069a2164a6d,0,shear2,2,4
5ff20cdfa4feb069a2164a6d,0,shear2,4,2
5ff20cdfa4feb069a2164a6d,0,base,1,2
5ff20cdfa4feb069a2164a6d,1,shear2,1,1
5ff20cdfa4feb069a2164a6d,1,base,3,3
5ff20cdfa4feb069a2164a6d,1,shear1,2,2
5ff20cdfa4feb069a2164a6d,0,rot2,3,2
5ff20cdfa4feb069a2164a6d,1,rot1,4,4
5ff20cdfa4feb069a2164a6d,1,shear1,3,3
5ff20cdfa4feb069a2164a6d,0,rot1,4,3
5ff20cdfa4feb069a2164a6d,1,shear1,1,1
5ff20cdfa4feb069a2164a6d,0,rot1,3,2
5ff20cdfa4feb069a2164a6d,1,shear2,1,1
5ff20cdfa4feb069a2164a6d,1,rot2,2,2
5ff20cdfa4feb069a2164a6d,1,shear1,3,3
5ff20cdfa4feb069a2164a6d,1,shear2,1,1
5ff20cdfa4feb069a2164a6d,0,shear1,4,3
5ff20cdfa4feb069a2164a6d,1,base,2,2
5ff20cdfa4feb069a2164a6d,0,shear1,3,4
5ff20cdfa4feb069a2164a6d,1,rot2,2,2
5ff20cdfa4feb069a2164a6d,0,shear1,4,3
5ff20cdfa4feb069a2164a6d,1,base,2,2
5ff20cdfa4feb069a2164a6d,1,rot2,1,1
5ff20cdfa4feb069a2164a6d,1,rot1,1,1
5ff20cdfa4feb069a2164a6d,1,rot2,4,4
5ff20cdfa4feb069a2164a6d,1,rot2,1,1
5ff20cdfa4feb069a2164a6d,0,rot1,4,3
5ff20cdfa4feb069a2164a6d,0,rot2,2,3
5ff20cdfa4feb069a2164a6d,1,rot1,1,1
5ff20cdfa4feb069a2164a6d,0,base,3,2
5ff20cdfa4feb069a2164a6d,1,rot1,2,2
5ff20cdfa4feb069a2164a6d,1,rot2,1,1
5ff20cdfa4feb069a2164a6d,1,rot1,2,2
5ff20cdfa4feb069a2164a6d,1,rot2,4,4
5ff20cdfa4feb069a2164a6d,0,rot2,4,3
5ff20cdfa4feb069a2164a6d,0,base,3,2
5ff20cdfa4feb069a2164a6d,0,rot1,3,2
5ff20cdfa4feb069a2164a6d,0,shear2,3,1
5ff20cdfa4feb069a2164a6d,1,rot2,3,3
5ff20cdfa4feb069a2164a6d,0,rot2,4,3
5ff20cdfa4feb069a2164a6d,1,base,1,1
5ff20cdfa4feb069a2164a6d,1,shear1,2,2
5ff20cdfa4feb069a2164a6d,1,shear1,2,2
5ff20cdfa4feb069a2164a6d,0,shear2,2,3
5ff20cdfa4feb069a2164a6d,1,rot1,1,1
5ff20cdfa4feb069a2164a6d,1,shear1,1,1
5ff20cdfa4feb069a2164a6d,1,rot1,2,2
5ff20cdfa4feb069a2164a6d,1,base,3,3
5ff20cdfa4feb069a2164a6d,0,base,4,3
5ff20cdfa4feb069a2164a6d,0,shear2,4,2
5ff20cdfa4feb069a2164a6d,0,base,4,3
5ff20cdfa4feb069a2164a6d,0,rot2,4,3
5ff20cdfa4feb069a2164a6d,1,rot2,3,3
5ff20cdfa4feb069a2164a6d,1,rot1,1,1
5ff20cdfa4feb069a2164a6d,1,rot2,1,1
5ff20cdfa4feb069a2164a6d,0,rot2,3,2
5ff20cdfa4feb069a2164a6d,1,shear2,2,2
5ff20cdfa4feb069a2164a6d,0,rot1,3,2
5ff20cdfa4feb069a2164a6d,1,shear1,1,1
5ff20cdfa4feb069a2164a6d,1,rot1,3,3
5ff20cdfa4feb069a2164a6d,1,base,1,1
5ff20cdfa4feb069a2164a6d,0,shear2,4,2
5ff20cdfa4feb069a2164a6d,1,base,3,3
5ff20cdfa4feb069a2164a6d,1,rot1,1,1
5ff20cdfa4feb069a2164a6d,1,rot2,3,3
5ff20cdfa4feb069a2164a6d,0,shear2,2,3
5ff20cdfa4feb069a2164a6d,1,rot1,2,2
5ff20cdfa4feb069a2164a6d,0,shear1,4,3
5ff20cdfa4feb069a2164a6d,1,shear2,4,4
5ff20cdfa4feb069a2164a6d,1,base,1,1
5ff20cdfa4feb069a2164a6d,1,base,2,2
5ff20cdfa4feb069a2164a6d,0,shear2,2,3
5ff20cdfa4feb069a2164a6d,0,shear2,3,4
5ff20cdfa4feb069a2164a6d,1,rot1,3,3
5ff20cdfa4feb069a2164a6d,0,base,4,3
5ff20cdfa4feb069a2164a6d,1,rot2,1,1
5ff20cdfa4feb069a2164a6d,1,shear1,2,2
5ff20cdfa4feb069a2164a6d,0,shear1,4,3
5ff20cdfa4feb069a2164a6d,0,rot1,4,3
5ff20cdfa4feb069a2164a6d,1,rot2,2,2
5ff20cdfa4feb069a2164a6d,1,base,1,1
5ff20cdfa4feb069a2164a6d,0,rot1,4,3
5ff20cdfa4feb069a2164a6d,0,shear2,3,4
5ff20cdfa4feb069a2164a6d,1,rot1,2,2
5ff20cdfa4feb069a2164a6d,0,shear1,4,3
5ff20cdfa4feb069a2164a6d,1,shear1,2,2
5ff20cdfa4feb069a2164a6d,1,rot2,2,2
5ff20cdfa4feb069a2164a6d,1,shear1,3,3
5ff20cdfa4feb069a2164a6d,1,shear1,3,3
5ff20cdfa4feb069a2164a6d,1,shear2,1,1
5ff20cdfa4feb069a2164a6d,0,base,4,3
5ff20cdfa4feb069a2164a6d,0,shear1,1,2
5ff20cdfa4feb069a2164a6d,1,base,2,2
5ff20cdfa4feb069a2164a6d,1,shear2,1,1
5ff20cdfa4feb069a2164a6d,0,shear2,3,4
5ff20cdfa4feb069a2164a6d,0,base,4,2
5ff20cdfa4feb069a2164a6d,0,shear2,3,4
5ff20cdfa4feb069a2164a6d,1,shear1,1,1
60828d17b3bdeecd4dc30ba8,0,shear1,1,2
60828d17b3bdeecd4dc30ba8,0,rot1,3,4
60828d17b3bdeecd4dc30ba8,1,rot2,3,3
60828d17b3bdeecd4dc30ba8,1,base,4,4
60828d17b3bdeecd4dc30ba8,0,rot1,2,3
60828d17b3bdeecd4dc30ba8,1,base,4,4
60828d17b3bdeecd4dc30ba8,1,rot1,4,4
60828d17b3bdeecd4dc30ba8,0,rot1,3,4
60828d17b3bdeecd4dc30ba8,0,rot1,2,3
60828d17b3bdeecd4dc30ba8,1,rot2,4,4
60828d17b3bdeecd4dc30ba8,1,base,3,3
60828d17b3bdeecd4dc30ba8,1,shear2,2,2
60828d17b3bdeecd4dc30ba8,1,shear2,1,1
60828d17b3bdeecd4dc30ba8,1,shear2,1,1
60828d17b3bdeecd4dc30ba8,1,shear2,2,2
60828d17b3bdeecd4dc30ba8,0,shear2,1,2
60828d17b3bdeecd4dc30ba8,1,shear2,2,2
60828d17b3bdeecd4dc30ba8,1,shear2,4,4
60828d17b3bdeecd4dc30ba8,0,rot2,1,2
60828d17b3bdeecd4dc30ba8,1,rot1,3,3
60828d17b3bdeecd4dc30ba8,1,shear2,2,2
60828d17b3bdeecd4dc30ba8,1,rot1,3,3
60828d17b3bdeecd4dc30ba8,0,shear2,1,2
60828d17b3bdeecd4dc30ba8,1,base,2,2
60828d17b3bdeecd4dc30ba8,1,base,4,4
60828d17b3bdeecd4dc30ba8,0,base,1,3
60828d17b3bdeecd4dc30ba8,1,shear1,2,2
60828d17b3bdeecd4dc30ba8,0,rot2,1,2
60828d17b3bdeecd4dc30ba8,0,rot2,3,4
60828d17b3bdeecd4dc30ba8,1,rot1,4,4
60828d17b3bdeecd4dc30ba8,1,shear1,3,3
60828d17b3bdeecd4dc30ba8,1,rot2,4,4
60828d17b3bdeecd4dc30ba8,1,base,3,3
60828d17b3bdeecd4dc30ba8,0,rot1,1,2
60828d17b3bdeecd4dc30ba8,1,shear2,4,4
60828d17b3bdeecd4dc30ba8,0,shear1,1,2
60828d17b3bdeecd4dc30ba8,1,rot1,2,2
60828d17b3bdeecd4dc30ba8,1,rot2,3,3
60828d17b3bdeecd4dc30ba8,0,base,2,4
60828d17b3bdeecd4dc30ba8,1,rot1,4,4
60828d17b3bdeecd4dc30ba8,0,rot2,1,2
60828d17b3bdeecd4dc30ba8,1,rot2,1,1
60828d17b3bdeecd4dc30ba8,1,rot2,2,2
60828d17b3bdeecd4dc30ba8,1,rot2,2,2
60828d17b3bdeecd4dc30ba8,0,shear2,3,4
60828d17b3bdeecd4dc30ba8,0,base,3,4
60828d17b3bdeecd4dc30ba8,1,shear1,4,4
60828d17b3bdeecd4dc30ba8,0,shear1,1,2
60828d17b3bdeecd4dc30ba8,0,rot1,4,3
60828d17b3bdeecd4dc30ba8,0,shear2,3,4
60828d17b3bdeecd4dc30ba8,1,rot2,4,4
60828d17b3bdeecd4dc30ba8,1,base,2,2
60828d17b3bdeecd4dc30ba8,1,rot2,2,2
60828d17b3bdeecd4dc30ba8,1,shear1,4,4
60828d17b3bdeecd4dc30ba8,0,shear2,3,4
60828d17b3bdeecd4dc30ba8,1,rot2,4,4
60828d17b3bdeecd4dc30ba8,1,shear1,1,1
60828d17b3bdeecd4dc30ba8,1,rot1,2,2
60828d17b3bdeecd4dc30ba8,1,rot2,3,3
60828d17b3bdeecd4dc30ba8,0,base,1,2
60828d17b3bdeecd4dc30ba8,1,shear1,2,2
60828d17b3bdeecd4dc30ba8,1,base,1,1
60828d17b3bdeecd4dc30ba8,0,rot1,3,2
60828d17b3bdeecd4dc30ba8,1,rot1,1,1
60828d17b3bdeecd4dc30ba8,0,rot2,4,3
60828d17b3bdeecd4dc30ba8,1,shear1,3,3
60828d17b3bdeecd4dc30ba8,1,base,3,3
60828d17b3bdeecd4dc30ba8,0,shear1,4,2
60828d17b3bdeecd4dc30ba8,1,shear2,4,4
60828d17b3bdeecd4dc30ba8,1,base,4,4
60828d17b3bdeecd4dc30ba8,1,shear2,2,2
60828d17b3bdeecd4dc30ba8,1,shear1,2,2
60828d17b3bdeecd4dc30ba8,1,base,1,1
60828d17b3bdeecd4dc30ba8,0,rot1,2,3
60828d17b3bdeecd4dc30ba8,0,shear1,3,4
60828d17b3bdeecd4dc30ba8,1,shear1,4,4
60828d17b3bdeecd4dc30ba8,1,base,2,2
60828d17b3bdeecd4dc30ba8,1,shear2,1,1
60828d17b3bdeecd4dc30ba8,1,shear1,1,1
60828d17b3bdeecd4dc30ba8,1,shear1,3,3
60828d17b3bdeecd4dc30ba8,1,base,4,4
60828d17b3bdeecd4dc30ba8,0,rot1,1,2
60828d17b3bdeecd4dc30ba8,0,base,1,2
60828d17b3bdeecd4dc30ba8,0,shear2,3,4
60828d17b3bdeecd4dc30ba8,0,shear2,3,4
60828d17b3bdeecd4dc30ba8,0,shear1,3,4
60828d17b3bdeecd4dc30ba8,0,rot1,1,2
60828d17b3bdeecd4dc30ba8,0,rot1,1,2
60828d17b3bdeecd4dc30ba8,0,base,3,4
60828d17b3bdeecd4dc30ba8,1,rot1,4,4
60828d17b3bdeecd4dc30ba8,0,rot2,3,4
60828d17b3bdeecd4dc30ba8,0,rot2,2,3
60828d17b3bdeecd4dc30ba8,1,shear2,4,4
60828d17b3bdeecd4dc30ba8,1,rot2,2,2
60828d17b3bdeecd4dc30ba8,1,shear1,2,2
60828d17b3bdeecd4dc30ba8,1,base,2,2
60828d17b3bdeecd4dc30ba8,1,shear2,4,4
60828d17b3bdeecd4dc30ba8,1,shear1,2,2
60828d17b3bdeecd4dc30ba8,1,shear1,4,4
60828d17b3bdeecd4dc30ba8,0,rot2,1,2
608ba85719d5ee094d23d453,0,shear1,3,4
608ba85719d5ee094d23d453,0,rot2,1,3
608ba85719d5ee094d23d453,0,rot1,3,2
608ba85719d5ee094d23d453,0,shear2,1,4
608ba85719d5ee094d23d453,0,rot1,4,3
608ba85719d5ee094d23d453,0,rot2,2,3
608ba85719d5ee094d23d453,0,rot2,1,2
608ba85719d5ee094d23d453,0,shear2,3,4
608ba85719d5ee094d23d453,0,shear1,2,3
608ba85719d5ee094d23d453,0,shear2,2,4
608ba85719d5ee094d23d453,0,base,1,2
608ba85719d5ee094d23d453,0,rot2,2,3
608ba85719d5ee094d23d453,0,base,3,2
608ba85719d5ee094d23d453,1,rot1,4,4
608ba85719d5ee094d23d453,0,rot2,2,3
608ba85719d5ee094d23d453,0,shear1,1,3
608ba85719d5ee094d23d453,1,base,4,4
608ba85719d5ee094d23d453,1,rot1,4,4
608ba85719d5ee094d23d453,0,shear1,3,4
608ba85719d5ee094d23d453,1,shear1,4,4
608ba85719d5ee094d23d453,0,rot1,3,4
608ba85719d5ee094d23d453,0,rot2,3,4
608ba85719d5ee094d23d453,0,rot2,1,3
608ba85719d5ee094d23d453,0,shear1,1,3
608ba85719d5ee094d23d453,0,shear1,3,4
608ba85719d5ee094d23d453,0,shear1,2,4
608ba85719d5ee094d23d453,0,base,2,4
608ba85719d5ee094d23d453,0,base,3,4
608ba85719d5ee094d23d453,0,base,2,3
608ba85719d5ee094d23d453,1,rot1,4,4
608ba85719d5ee094d23d453,1,rot2,4,4
608ba85719d5ee094d23d453,1,shear2,4,4
608ba85719d5ee094d23d453,1,base,4,4
608ba85719d5ee094d23d453,1,rot2,4,4
608ba85719d5ee094d23d453,0,shear1,2,4
608ba85719d5ee094d23d453,0,base,2,4
608ba85719d5ee094d23d453,0,shear2,1,4
608ba85719d5ee094d23d453,0,shear2,1,4
608ba85719d5ee094d23d453,0,rot1,3,4
608ba85719d5ee094d23d453,0,rot2,1,3
608ba85719d5ee094d23d453,1,base,4,4
608ba85719d5ee094d23d453,0,shear2,2,3
608ba85719d5ee094d23d453,1,shear1,4,4
608ba85719d5ee094d23d453,0,rot1,1,2
608ba85719d5ee094d23d453,0,shear2,3,4
608ba85719d5ee094d23d453,1,shear2,4,4
608ba85719d5ee094d23d453,0,rot1,3,4
608ba85719d5ee094d23d453,0,base,3,4
608ba85719d5ee094d23d453,1,shear1,3,3
608ba85719d5ee094d23d453,1,shear1,1,1
608ba85719d5ee094d23d453,0,base,1,2
608ba85719d5ee094d23d453,0,rot1,1,2
608ba85719d5ee094d23d453,0,shear1,2,3
608ba85719d5ee094d23d453,1,base,2,2
608ba85719d5ee094d23d453,0,base,3,4
608ba85719d5ee094d23d453,1,shear1,4,4
608ba85719d5ee094d23d453,1,shear2,4,4
608ba85719d5ee094d23d453,0,rot1,1,4
608ba85719d5ee094d23d453,0,rot1,2,4
608ba85719d5ee094d23d453,0,rot2,2,4
608ba85719d5ee094d23d453,1,rot2,4,4
608ba85719d5ee094d23d453,0,rot1,2,4
608ba85719d5ee094d23d453,0,rot1,2,3
608ba85719d5ee094d23d453,0,rot2,3,4
608ba85719d5ee094d23d453,0,rot1,1,2
608ba85719d5ee094d23d453,1,rot2,3,3
608ba85719d5ee094d23d453,0,rot2,3,4
608ba85719d5ee094d23d453,1,shear2,4,4
608ba85719d5ee094d23d453,0,shear2,2,3
608ba85719d5ee094d23d453,0,shear2,3,4
608ba85719d5ee094d23d453,0,shear2,2,4
608ba85719d5ee094d23d453,1,shear2,3,3
608ba85719d5ee094d23d453,0,rot1,1,2
608ba85719d5ee094d23d453,1,base,1,1
608ba85719d5ee094d23d453,0,shear2,1,2
608ba85719d5ee094d23d453,0,rot2,4,3
608ba85719d5ee094d23d453,0,shear1,1,3
608ba85719d5ee094d23d453,1,shear1,4,4
608ba85719d5ee094d23d453,0,shear1,2,3
608ba85719d5ee094d23d453,0,shear1,4,3
608ba85719d5ee094d23d453,0,base,1,2
608ba85719d5ee094d23d453,0,rot2,3,4
608ba85719d5ee094d23d453,1,rot1,2,2
608ba85719d5ee094d23d453,0,shear2,2,3
608ba85719d5ee094d23d453,1,rot2,4,4
608ba85719d5ee094d23d453,1,shear1,3,3
608ba85719d5ee094d23d453,1,shear2,4,4
608ba85719d5ee094d23d453,0,rot1,2,3
608ba85719d5ee094d23d453,0,rot2,1,2
608ba85719d5ee094d23d453,1,base,3,3
608ba85719d5ee094d23d453,1,base,4,4
608ba85719d5ee094d23d453,1,rot1,4,4
608ba85719d5ee094d23d453,1,shear1,1,1
608ba85719d5ee094d23d453,1,rot2,2,2
608ba85719d5ee094d23d453,1,rot1,3,3
608ba85719d5ee094d23d453,1,shear2,1,1
608ba85719d5ee094d23d453,1,base,4,4
608ba85719d5ee094d23d453,0,base,2,3
608ba85719d5ee094d23d453,0,shear2,3,4
608ba85719d5ee094d23d453,1,base,1,1
60a6872afaa7dad7f62e7edd,1,rot1,3,3
60a6872afaa7dad7f62e7edd,1,rot2,3,3
60a6872afaa7dad7f62e7edd,1,rot1,1,1
60a6872afaa7dad7f62e7edd,1,shear1,2,2
60a6872afaa7dad7f62e7edd,0,base,4,3
60a6872afaa7dad7f62e7edd,1,shear2,2,2
60a6872afaa7dad7f62e7edd,0,rot1,4,3
60a6872afaa7dad7f62e7edd,1,rot2,3,3
60a6872afaa7dad7f62e7edd,1,rot1,1,1
60a6872afaa7dad7f62e7edd,1,rot2,1,1
60a6872afaa7dad7f62e7edd,0,rot2,4,3
60a6872afaa7dad7f62e7edd,1,rot1,3,3
60a6872afaa7dad7f62e7edd,1,shear1,3,3
60a6872afaa7dad7f62e7edd,0,rot1,1,2
60a6872afaa7dad7f62e7edd,1,shear2,1,1
60a6872afaa7dad7f62e7edd,1,base,2,2
60a6872afaa7dad7f62e7edd,1,base,4,4
60a6872afaa7dad7f62e7edd,0,base,2,3
60a6872afaa7dad7f62e7edd,0,shear2,4,3
60a6872afaa7dad7f62e7edd,0,rot2,2,3
60a6872afaa7dad7f62e7edd,0,rot1,2,3
60a6872afaa7dad7f62e7edd,0,base,2,3
60a6872afaa7dad7f62e7edd,1,shear2,3,3
60a6872afaa7dad7f62e7edd,1,shear1,3,3
60a6872afaa7dad7f62e7edd,0,rot1,2,3
60a6872afaa7dad7f62e7edd,0,rot1,2,3
60a6872afaa7dad7f62e7edd,0,rot1,2,3
60a6872afaa7dad7f62e7edd,1,rot2,1,1
60a6872afaa7dad7f62e7edd,1,shear1,1,1
60a6872afaa7dad7f62e7edd,1,base,4,4
60a6872afaa7dad7f62e7edd,1,rot2,4,4
60a6872afaa7dad7f62e7edd,1,base,1,1
60a6872afaa7dad7f62e7edd,1,rot2,1,1
60a6872afaa7dad7f62e7edd,1,rot2,4,4
60a6872afaa7dad7f62e7edd,0,rot2,3,2
60a6872afaa7dad7f62e7edd,1,base,1,1
60a6872afaa7dad7f62e7edd,1,base,3,3
60a6872afaa7dad7f62e7edd,0,shear2,4,2
60a6872afaa7dad7f62e7edd,1,shear1,3,3
60a6872afaa7dad7f62e7edd,0,shear2,4,3
60a6872afaa7dad7f62e7edd,0,rot1,4,3
60a6872afaa7dad7f62e7edd,0,rot2,4,3
60a6872afaa7dad7f62e7edd,0,shear1,4,3
60a6872afaa7dad7f62e7edd,1,shear2,3,3
60a6872afaa7dad7f62e7edd,0,rot2,2,3
60a6872afaa7dad7f62e7edd,0,shear1,2,3
60a6872afaa7dad7f62e7edd,1,base,4,4
60a6872afaa7dad7f62e7edd,1,rot1,4,4
60a6872afaa7dad7f62e7edd,0,shear1,1,2
60a6872afaa7dad7f62e7edd,0,shear2,2,1
60a6872afaa7dad7f62e7edd,0,rot1,3,2
60a6872afaa7dad7f62e7edd,1,base,3,3
60a6872afaa7dad7f62e7edd,1,rot1,1,1
60a6872afaa7dad7f62e7edd,1,base,3,3
60a6872afaa7dad7f62e7edd,1,base,1,1
60a6872afaa7dad7f62e7edd,0,shear1,2,3
60a6872afaa7dad7f62e7edd,1,base,1,1
60a6872afaa7dad7f62e7edd,1,rot2,2,2
60a6872afaa7dad7f62e7edd,1,rot1,3,3
60a6872afaa7dad7f62e7edd,1,base,1,1
60a6872afaa7dad7f62e7edd,1,rot2,3,3
60a6872afaa7dad7f62e7edd,1,shear2,1,1
60a6872afaa7dad7f62e7edd,0,shear2,2,1
60a6872afaa7dad7f62e7edd,1,shear2,1,1
60a6872afaa7dad7f62e7edd,1,rot2,3,3
60a6872afaa7dad7f62e7edd,0,rot2,1,2
60a6872afaa7dad7f62e7edd,0,shear1,3,2
60a6872afaa7dad7f62e7edd,1,rot1,2,2
60a6872afaa7dad7f62e7edd,0,shear2,4,3
60a6872afaa7dad7f62e7edd,1,rot1,4,4
60a6872afaa7dad7f62e7edd,1,rot1,4,4
60a6872afaa7dad7f62e7edd,0,rot2,2,4
60a6872afaa7dad7f62e7edd,1,base,4,4
60a6872afaa7dad7f62e7edd,1,shear1,4,4
60a6872afaa7dad7f62e7edd,1,base,3,3
60a6872afaa7dad7f62e7edd,1,shear1,3,3
60a6872afaa7dad7f62e7edd,0,shear2,1,2
60a6872afaa7dad7f62e7edd,1,shear1,2,2
60a6872afaa7dad7f62e7edd,1,rot2,2,2
60a6872afaa7dad7f62e7edd,1,shear1,1,1
60a6872afaa7dad7f62e7edd,0,base,2,1
60a6872afaa7dad7f62e7edd,1,rot1,1,1
60a6872afaa7dad7f62e7edd,0,shear1,4,3
60a6872afaa7dad7f62e7edd,0,shear2,1,2
60a6872afaa7dad7f62e7edd,1,rot1,3,3
60a6872afaa7dad7f62e7edd,1,shear1,2,2
60a6872afaa7dad7f62e7edd,1,shear2,3,3
60a6872afaa7dad7f62e7edd,1,shear2,3,3
60a6872afaa7dad7f62e7edd,1,base,2,2
60a6872afaa7dad7f62e7edd,1,shear1,1,1
60a6872afaa7dad7f62e7edd,1,base,3,3
60a6872afaa7dad7f62e7edd,1,shear2,3,3
60a6872afaa7dad7f62e7edd,0,shear1,1,2
60a6872afaa7dad7f62e7edd,0,shear2,2,4
60a6872afaa7dad7f62e7edd,1,shear2,2,2
60a6872afaa7dad7f62e7edd,1,rot2,1,1
60a6872afaa7dad7f62e7edd,0,shear1,4,3
60a6872afaa7dad7f62e7edd,0,shear1,4,3
60a6872afaa7dad7f62e7edd,1,shear2,4,4
60a6872afaa7dad7f62e7edd,1,rot2,4,4
60be6bf7eec23fe8946ad827,1,rot1,1,1
60be6bf7eec23fe8946ad827,1,shear1,1,1
60be6bf7eec23fe8946ad827,0,shear2,4,1
60be6bf7eec23fe8946ad827,1,rot1,2,2
60be6bf7eec23fe8946ad827,0,shear2,2,3
60be6bf7eec23fe8946ad827,1,base,4,4
60be6bf7eec23fe8946ad827,1,rot1,4,4
60be6bf7eec23fe8946ad827,1,base,1,1
60be6bf7eec23fe8946ad827,1,rot2,4,4
60be6bf7eec23fe8946ad827,1,shear1,3,3
60be6bf7eec23fe8946ad827,1,shear1,2,2
60be6bf7eec23fe8946ad827,1,base,1,1
60be6bf7eec23fe8946ad827,1,shear2,3,3
60be6bf7eec23fe8946ad827,1,rot1,1,1
60be6bf7eec23fe8946ad827,0,shear2,3,2
60be6bf7eec23fe8946ad827,0,shear1,4,3
60be6bf7eec23fe8946ad827,0,rot1,3,4
60be6bf7eec23fe8946ad827,1,rot2,2,2
60be6bf7eec23fe8946ad827,0,shear1,3,4
60be6bf7eec23fe8946ad827,0,shear1,2,3
60be6bf7eec23fe8946ad827,0,rot2,3,4
60be6bf7eec23fe8946ad827,0,rot2,2,3
60be6bf7eec23fe8946ad827,1,shear2,1,1
60be6bf7eec23fe8946ad827,1,shear2,1,1
60be6bf7eec23fe8946ad827,0,base,2,1
60be6bf7eec23fe8946ad827,0,rot2,3,4
60be6bf7eec23fe8946ad827,0,rot2,3,4
60be6bf7eec23fe8946ad827,0,rot2,2,3
60be6bf7eec23fe8946ad827,1,base,4,4
60be6bf7eec23fe8946ad827,0,rot2,3,4
60be6bf7eec23fe8946ad827,1,rot1,1,1
60be6bf7eec23fe8946ad827,0,shear2,4,2
60be6bf7eec23fe8946ad827,0,rot2,3,4
60be6bf7eec23fe8946ad827,0,shear2,4,3
60be6bf7eec23fe8946ad827,1,shear2,1,1
60be6bf7eec23fe8946ad827,1,shear2,2,2
60be6bf7eec23fe8946ad827,0,shear1,4,2
60be6bf7eec23fe8946ad827,0,rot1,2,3
60be6bf7eec23fe8946ad827,1,rot2,4,4
60be6bf7eec23fe8946ad827,1,rot2,1,1
60be6bf7eec23fe8946ad827,0,rot2,2,1
60be6bf7eec23fe8946ad827,1,shear1,1,1
60be6bf7eec23fe8946ad827,1,shear1,2,2
60be6bf7eec23fe8946ad827,1,rot1,1,1
60be6bf7eec23fe8946ad827,1,shear2,3,3
60be6bf7eec23fe8946ad827,0,base,2,3
60be6bf7eec23fe8946ad827,1,shear2,2,2
60be6bf7eec23fe8946ad827,1,base,3,3
60be6bf7eec23fe8946ad827,1,rot1,2,2
60be6bf7eec23fe8946ad827,1,shear1,1,1
60be6bf7eec23fe8946ad827,1,shear1,1,1
60be6bf7eec23fe8946ad827,1,rot1,4,4
60be6bf7eec23fe8946ad827,0,shear1,4,3
60be6bf7eec23fe8946ad827,1,base,4,4
60be6bf7eec23fe8946ad827,0,shear2,3,2
60be6bf7eec23fe8946ad827,1,rot2,1,1
60be6bf7eec23fe8946ad827,1,base,4,4
60be6bf7eec23fe8946ad827,1,shear1,3,3
60be6bf7eec23fe8946ad827,0,rot1,3,4
60be6bf7eec23fe8946ad827,1,rot1,4,4
60be6bf7eec23fe8946ad827,1,shear1,3,3
60be6bf7eec23fe8946ad827,1,rot1,2,2
60be6bf7eec23fe8946ad827,1,rot2,4,4
60be6bf7eec23fe8946ad827,0,rot1,3,4
60be6bf7eec23fe8946ad827,1,shear2,2,2
60be6bf7eec23fe8946ad827,1,shear1,2,2
60be6bf7eec23fe8946ad827,0,base,2,1
60be6bf7eec23fe8946ad827,1,rot2,1,1
60be6bf7eec23fe8946ad827,0,shear1,4,2
60be6bf7eec23fe8946ad827,0,shear2,4,2
60be6bf7eec23fe8946ad827,0,base,3,4
60be6bf7eec23fe8946ad827,0,rot2,2,3
60be6bf7eec23fe8946ad827,1,base,1,1
60be6bf7eec23fe8946ad827,1,shear2,1,1
60be6bf7eec23fe8946ad827,1,rot1,1,1
60be6bf7eec23fe8946ad827,1,base,1,1
60be6bf7eec23fe8946ad827,1,rot1,4,4
60be6bf7eec23fe8946ad827,1,rot1,4,4
60be6bf7eec23fe8946ad827,0,base,3,4
60be6bf7eec23fe8946ad827,1,rot1,3,3
60be6bf7eec23fe8946ad827,0,shear2,4,2
60be6bf7eec23fe8946ad827,0,rot1,3,2
60be6bf7eec23fe8946ad827,1,base,3,3
60be6bf7eec23fe8946ad827,0,base,4,3
60be6bf7eec23fe8946ad827,1,rot2,4,4
60be6bf7eec23fe8946ad827,1,shear1,2,2
60be6bf7eec23fe8946ad827,1,base,1,1
60be6bf7eec23fe8946ad827,0,shear1,3,2
60be6bf7eec23fe8946ad827,1,rot2,1,1
60be6bf7eec23fe8946ad827,1,shear1,1,1
60be6bf7eec23fe8946ad827,1,base,2,2
60be6bf7eec23fe8946ad827,1,rot1,2,2
60be6bf7eec23fe8946ad827,1,shear2,3,3
60be6bf7eec23fe8946ad827,1,shear2,2,2
60be6bf7eec23fe8946ad827,1,rot2,1,1
60be6bf7eec23fe8946ad827,1,base,3,3
60be6bf7eec23fe8946ad827,0,shear1,4,3
60be6bf7eec23fe8946ad827,1,rot2,4,4
60be6bf7eec23fe8946ad827,0,base,2,3
60be6bf7eec23fe8946ad827,1,shear2,1,1
60c89c0e9445e1a77532e876,1,base,4,4
60c89c0e9445e1a77532e876,1,base,1,1
60c89c0e9445e1a77532e876,1,rot1,4,4
60c89c0e9445e1a77532e876,1,rot2,1,1
60c89c0e9445e1a77532e876,0,shear1,2,1
60c89c0e9445e1a77532e876,0,rot1,2,1
60c89c0e9445e1a77532e876,1,rot2,2,2
60c89c0e9445e1a77532e876,0,shear1,1,2
60c89c0e9445e1a77532e876,1,rot1,3,3
60c89c0e9445e1a77532e876,1,rot1,3,3
60c89c0e9445e1a77532e876,1,base,4,4
60c89c0e9445e1a77532e876,1,shear2,4,4
60c89c0e9445e1a77532e876,1,base,1,1
60c89c0e9445e1a77532e876,0,shear1,3,2
60c89c0e9445e1a77532e876,1,shear2,1,1
60c89c0e9445e1a77532e876,1,shear1,2,2
60c89c0e9445e1a77532e876,0,rot2,3,2
60c89c0e9445e1a77532e876,1,base,3,3
60c89c0e9445e1a77532e876,1,shear2,2,2
60c89c0e9445e1a77532e876,0,rot2,4,3
60c89c0e9445e1a77532e876,0,rot2,1,2
60c89c0e9445e1a77532e876,0,shear2,2,4
60c89c0e9445e1a77532e876,1,shear1,1,1
60c89c0e9445e1a77532e876,0,base,2,1
60c89c0e9445e1a77532e876,1,base,1,1
60c89c0e9445e1a77532e876,1,shear2,1,1
60c89c0e9445e1a77532e876,0,rot1,2,1
60c89c0e9445e1a77532e876,0,base,3,2
60c89c0e9445e1a77532e876,0,rot2,3,2
60c89c0e9445e1a77532e876,0,base,4,3
60c89c0e9445e1a77532e876,1,shear1,4,4
60c89c0e9445e1a77532e876,1,base,2,2
60c89c0e9445e1a77532e876,0,shear2,3,4
60c89c0e9445e1a77532e876,1,shear1,4,4
60c89c0e9445e1a77532e876,1,shear2,1,1
60c89c0e9445e1a77532e876,0,shear1,3,4
60c89c0e9445e1a77532e876,0,rot1,3,4
60c89c0e9445e1a77532e876,1,shear2,4,4
60c89c0e9445e1a77532e876,1,rot1,4,4
60c89c0e9445e1a77532e876,0,rot1,2,1
60c89c0e9445e1a77532e876,1,base,1,1
60c89c0e9445e1a77532e876,1,shear1,4,4
60c89c0e9445e1a77532e876,1,shear2,3,3
60c89c0e9445e1a77532e876,0,rot1,3,2
60c89c0e9445e1a77532e876,1,rot2,2,2
60c89c0e9445e1a77532e876,0,shear2,2,4
60c89c0e9445e1a77532e876,1,shear2,4,4
60c89c0e9445e1a77532e876,1,rot1,1,1
60c89c0e9445e1a77532e876,1,base,1,1
60c89c0e9445e1a77532e876,0,rot1,3,2
60c89c0e9445e1a77532e876,1,rot1,2,2
60c89c0e9445e1a77532e876,1,shear1,2,2
60c89c0e9445e1a77532e876,1,rot1,4,4
60c89c0e9445e1a77532e876,1,rot1,1,1
60c89c0e9445e1a77532e876,0,rot2,3,2
60c89c0e9445e1a77532e876,1,shear1,2,2
60c89c0e9445e1a77532e876,0,shear2,4,3
60c89c0e9445e1a77532e876,1,base,3,3
60c89c0e9445e1a77532e876,1,rot2,1,1
60c89c0e9445e1a77532e876,1,rot2,4,4
60c89c0e9445e1a77532e876,1,shear2,4,4
60c89c0e9445e1a77532e876,0,shear1,3,4
60c89c0e9445e1a77532e876,0,shear2,2,4
60c89c0e9445e1a77532e876,1,rot1,1,1
60c89c0e9445e1a77532e876,1,rot2,4,4
60c89c0e9445e1a77532e876,1,rot2,1,1
60c89c0e9445e1a77532e876,1,shear1,4,4
60c89c0e9445e1a77532e876,0,shear2,2,3
60c89c0e9445e1a77532e876,0,rot2,3,2
60c89c0e9445e1a77532e876,1,shear2,3,3
60c89c0e9445e1a77532e876,1,shear1,1,1
60c89c0e9445e1a77532e876,1,base,2,2
60c89c0e9445e1a77532e876,1,shear1,1,1
60c89c0e9445e1a77532e876,1,shear1,3,3
60c89c0e9445e1a77532e876,1,rot2,4,4
60c89c0e9445e1a77532e876,1,shear2,1,1
60c89c0e9445e1a77532e876,1,rot2,4,4
60c89c0e9445e1a77532e876,0,rot2,2,1
60c89c0e9445e1a77532e876,1,shear1,3,3
60c89c0e9445e1a77532e876,0,base,2,1
60c89c0e9445e1a77532e876,1,rot2,1,1
60c89c0e9445e1a77532e876,1,shear1,2,2
60c89c0e9445e1a77532e876,0,base,4,3
60c89c0e9445e1a77532e876,1,shear1,4,4
60c89c0e9445e1a77532e876,1,base,4,4
60c89c0e9445e1a77532e876,0,shear2,3,4
60c89c0e9445e1a77532e876,1,rot1,4,4
60c89c0e9445e1a77532e876,1,base,3,3
60c89c0e9445e1a77532e876,1,shear2,3,3
60c89c0e9445e1a77532e876,1,rot2,3,3
60c89c0e9445e1a77532e876,1,rot1,1,1
60c89c0e9445e1a77532e876,1,shear2,1,1
60c89c0e9445e1a77532e876,0,rot1,4,3
60c89c0e9445e1a77532e876,1,rot2,2,2
60c89c0e9445e1a77532e876,1,rot2,2,2
60c89c0e9445e1a77532e876,1,shear1,1,1
60c89c0e9445e1a77532e876,0,rot1,2,1
60c89c0e9445e1a77532e876,0,base,3,2
60c89c0e9445e1a77532e876,1,base,2,2
60c89c0e9445e1a77532e876,1,rot1,1,1
